V0000362F04220002-1,2020-04-22,논현역(7호선)
V0000280F04220002-1,2020-04-22,광나루역(5호선)
V0000021F04220006-1,2020-04-22,광운대역(한국철도공사)
F2020042200000749-1,2020-04-20,충무파출소
F2020042200001108-1,2020-04-14,서울노원경찰서
F2020042200001106-1,2020-04-12,서울노원경찰서
F2020042200001102-1,2020-04-06,서울노원경찰서
F2020042200001102-1,2020-04-06,서울노원경찰서
F2020042200001100-1,2020-04-10,서울노원경찰서
F2020042200001098-1,2020-04-09,서울노원경찰서
F2020042200001096-1,2020-04-15,서울노원경찰서
F2020042200001094-1,2020-04-16,서울노원경찰서
F2020042200001092-1,2020-04-11,서울노원경찰서
F2020042200001090-1,2020-04-14,서울노원경찰서
F2020042200000715-1,2020-04-06,안산단원경찰서
V0000340F04220006-1,2020-04-22,도봉산역(7호선)
F2020042200000713-1,2020-04-09,안산단원경찰서
F2020042200000711-1,2020-04-09,안산단원경찰서
F2020042200000709-1,2020-04-10,안산단원경찰서
F2020042200000707-1,2020-04-11,안산단원경찰서
F2020042200000705-1,2020-04-13,안산단원경찰서
F2020042200000703-1,2020-04-08,안산단원경찰서
F2020042200000699-1,2020-04-11,안산단원경찰서
F2020042200000697-1,2020-04-12,안산단원경찰서
F2020042200000695-1,2020-04-14,안산단원경찰서
F2020042200000693-1,2020-03-25,안산단원경찰서
F2020042200000968-1,2020-04-17,부산사상경찰서
V0000336F04220004-1,2020-04-22,봉화산역(6호선)
F2020042200000677-1,2020-04-17,서울서대문경찰서
F2020042200000625-1,2020-04-16,울산울주경찰서
F2020042200000619-1,2020-04-16,울산울주경찰서
V0000336F04220002-1,2020-04-22,봉화산역(6호선)
F2020042200000892-1,2020-04-22,김해국제공항경찰대
V0000340F04220004-1,2020-04-22,도봉산역(7호선)
V0001920F04220002-1,2020-04-22,신설동역(1호선)
V0002348F04220022-1,2020-04-22,"(사)소비자시민모임(충남,천안,아산)"
V0002348F04220020-1,2020-04-22,"(사)소비자시민모임(충남,천안,아산)"
V0002348F04220018-1,2020-04-22,"(사)소비자시민모임(충남,천안,아산)"
V0002348F04220016-1,2020-04-22,"(사)소비자시민모임(충남,천안,아산)"
V0002348F04220012-1,2020-04-22,"(사)소비자시민모임(충남,천안,아산)"
V0000351F04220002-1,2020-04-22,면목역(7호선)
V0002348F04220004-1,2020-04-22,"(사)소비자시민모임(충남,천안,아산)"
F2020042200000710-1,2020-04-21,원주경찰서
V0002348F04220002-1,2020-04-22,"(사)소비자시민모임(충남,천안,아산)"
F2020042200000706-1,2020-04-17,부산사상경찰서
F2020042200000696-1,2020-01-11,광주서부경찰서
F2020042200000646-1,2020-04-22,방배1파출소
F2020042200000646-1,2020-04-22,방배1파출소
V0000330F04220002-1,2020-04-22,태릉유실물센터
V0002022F04220002-1,2020-04-22,대림역(2호선)
F2020042200000423-1,2020-04-17,남양주경찰서
F2020042200000421-1,2020-04-17,남양주경찰서
V0002108F04220006-1,2020-04-22,당고개역(4호선)
V0002108F04220006-1,2020-04-22,당고개역(4호선)
F2020042200000407-1,2020-04-17,남양주경찰서
F2020042200000570-1,2020-04-22,대화지구대
F2020042200000369-1,2020-04-17,남양주경찰서
F2020042200000363-1,2020-04-17,남양주경찰서
F2020042200000361-1,2020-04-22,가락지구대
F2020042200000456-1,2020-04-22,두류3동파출소
V0003020F04220016-1,2020-04-22,행신역(한국철도공사)
F2020042200000355-1,2020-04-17,남양주경찰서
F2020042200000347-1,2020-04-18,백산지구대
F2020042200000339-1,2020-04-17,남양주경찰서
V0003020F04220014-1,2020-04-22,행신역(한국철도공사)
F2020042200000444-1,2020-04-14,진해경찰서
F2020042200000442-1,2020-04-20,진해경찰서
F2020042200000440-1,2020-04-20,진해경찰서
F2020042200000438-1,2020-04-20,진해경찰서
F2020042200000436-1,2020-04-20,진해경찰서
F2020042200000432-1,2020-04-20,진해경찰서
F2020042200000430-1,2020-04-20,진해경찰서
F2020042200000337-1,2020-04-17,남양주경찰서
F2020042200000333-1,2020-04-17,남양주경찰서
V0000263F04220002-1,2020-04-22,공덕역(5호선)
F2020042200000317-1,2020-04-21,서울강남경찰서
F2020042200000392-1,2020-04-21,부천원미경찰서
F2020042200000301-1,2020-04-20,서울강남경찰서
F2020042200000299-1,2020-04-17,남양주경찰서
V0000384F04220006-1,2020-04-22,신중동역(7호선)
V0000384F04220004-1,2020-04-22,신중동역(7호선)
V0003408F04220004-1,2020-04-22,구로역(한국철도공사)
V0002118F04220002-1,2020-04-22,수유역(4호선)
V0002164F04220002-1,2020-04-22,사당역(4호선)
V0000287F04220002-1,2020-04-22,상일동역(5호선)
V0000287F04220002-1,2020-04-22,상일동역(5호선)
F2020042200000193-1,2020-04-16,부산북부경찰서
V0000294F04220006-1,2020-04-22,마천역(5호선)
V0003360F04220002-1,2020-04-22,안산역(한국철도공사)
V0000319F04220002-1,2020-04-22,이태원역(6호선)
F2020042200000234-1,2020-04-22,월곡지구대
V0000340F04220002-1,2020-04-22,도봉산역(7호선)
V0000294F04220004-1,2020-04-22,마천역(5호선)
V0003076F04220008-1,2020-04-22,용산역(한국철도공사)
F2020042200000167-1,2020-04-21,문산파출소
V0003076F04220006-1,2020-04-22,용산역(한국철도공사)
V0000274F04220002-1,2020-04-22,왕십리역(5호선)
V0002794F04220002-1,2020-04-21,롯데몰(김포공항점)
F2020042200000155-1,2020-04-22,제주동부경찰서
F2020042200000155-1,2020-04-22,제주동부경찰서
V0000384F04220002-1,2020-04-22,신중동역(7호선)
F2020042200000133-1,2020-04-22,울산동부경찰서
V0000269F04220002-1,2020-04-22,을지로4가역(5호선)
V0001512F04220004-1,2020-04-20,제주국제공항
V0001512F04220002-1,2020-04-20,제주국제공항
F2020042200000117-1,2020-04-22,월곡지구대
V0000244F04220004-1,2020-04-22,방화역(5호선)
V0000244F04220002-1,2020-04-22,방화역(5호선)
V0002108F04220004-1,2020-04-22,당고개역(4호선)
V0000049F04220002-1,2020-04-21,안양역(한국철도공사)
F2020042200000110-1,2020-04-22,용전지구대
F2020042200000099-1,2020-04-22,영주파출소
V0002114F04220002-1,2020-04-22,창동역(4호선)
F2020042200000093-1,2020-04-22,남문지구대
F2020042200000077-1,2020-04-22,온천3파출소
F2020042200000077-1,2020-04-22,온천3파출소
F2020042200000051-1,2020-04-22,신당파출소
F2020042200000045-1,2020-04-22,제주자치경찰단
F2020042200000028-1,2020-04-21,부산사상경찰서
V0002076F04220002-1,2020-04-22,신사역(3호선)
F2020042200000015-1,2020-04-21,가능지구대
V0000294F04220002-1,2020-04-22,마천역(5호선)
V0002042F04220002-1,2020-04-22,구파발역(3호선)
V0003408F04210010-1,2020-04-21,구로역(한국철도공사)
F2020042100002482-1,2020-04-21,오라지구대
V0000336F04210014-1,2020-04-21,봉화산역(6호선)
F2020042100002480-1,2020-04-21,성호지구대
F2020042100002478-1,2020-04-21,제주동부경찰서
V0000324F04210002-1,2020-04-21,신당역(6호선)
F2020042100002470-1,2020-04-21,서귀포시자치경찰대
F2020042100002853-1,2020-04-21,부산동부경찰서
V0000286F04210004-1,2020-04-21,고덕역(5호선)
V0000286F04210004-1,2020-04-21,고덕역(5호선)
F2020042100002825-1,2020-04-21,고성지구대
F2020042100002821-1,2020-04-21,무거지구대
F2020042100002432-1,2020-04-21,배방파출소
F2020042100002819-1,2020-04-21,서부지구대
V0002008F04210010-1,2020-04-21,낙성대역(2호선)
V0000293F04210002-1,2020-04-21,거여역(5호선)
V0000244F04210012-1,2020-04-21,방화역(5호선)
F2020042100002402-1,2020-04-21,서울남대문경찰서
V0000244F04210012-1,2020-04-21,방화역(5호선)
F2020042100002398-1,2020-04-21,월곡지구대
F2020042100002370-1,2020-04-21,서울양천경찰서
F2020042100002370-1,2020-04-21,서울양천경찰서
F2020042100002370-1,2020-04-21,서울양천경찰서
V0001774F04210008-1,2020-04-21,광주송정역(한국철도공사)
F2020042100002370-1,2020-04-21,서울양천경찰서
V0001774F04210008-1,2020-04-21,광주송정역(한국철도공사)
V0002108F04210008-1,2020-04-21,당고개역(4호선)
V0000339F04210012-1,2020-04-21,장암역(7호선)
V0000294F04210004-1,2020-04-21,마천역(5호선)
V0002100F04210006-1,2020-04-21,수서역(3호선)
V0001752F04210010-1,2020-04-21,여수엑스포역(한국철도공사)
V0000336F04210010-1,2020-04-21,봉화산역(6호선)
F2020042100002310-1,2020-04-21,중앙지구대
F2020042100002707-1,2020-04-21,모양지구대
F2020042100002304-1,2020-04-21,서울서부경찰서
F2020042100002549-1,2020-04-16,안양지구대
V0000412F04210002-1,2020-04-21,개화역(9호선)
V0002024F04210008-1,2020-04-21,신도림역(2호선)
F2020042100002539-1,2020-04-21,양주파출소
V0001964F04210006-1,2020-04-21,성수역(2호선)
F2020042100002517-1,2020-04-21,은파지구대
F2020042100002517-1,2020-04-21,은파지구대
F2020042100002499-1,2020-04-21,안양지구대
F2020042100002497-1,2020-04-20,구로3파출소
F2020042100002495-1,2020-04-21,역전지구대
F2020042100002242-1,2020-04-21,제주동부경찰서
V0000306F04210002-1,2020-04-21,증산역(6호선)
V0002108F04210006-1,2020-04-21,당고개역(4호선)
V0000283F04210002-1,2020-04-21,길동역(5호선)
F2020042100002210-1,2020-04-18,서울서부경찰서
F2020042100002273-1,2020-04-21,대원파출소
V0000336F04210008-1,2020-04-21,봉화산역(6호선)
V0000336F04210008-1,2020-04-21,봉화산역(6호선)
F2020042100002194-1,2020-04-21,휘경파출소
F2020042100002209-1,2020-04-21,송악파출소
F2020042100002188-1,2020-04-21,서울마포경찰서
F2020042100002201-1,2020-04-21,정각지구대
F2020042100002199-1,2020-04-21,영통지구대
F2020042100002182-1,2020-02-09,서울서초경찰서
F2020042100002169-1,2020-04-21,부산사상경찰서
F2020042100002164-1,2020-02-09,서울서초경찰서
F2020042100002153-1,2020-01-08,화성동탄경찰서
F2020042100002164-1,2020-02-09,서울서초경찰서
F2020042100002164-1,2020-02-09,서울서초경찰서
F2020042100002166-1,2020-04-21,연수지구대
F2020042100002168-1,2020-04-21,명동파출소
F2020042100002171-1,2020-04-21,백운파출소
F2020042100002169-1,2020-04-21,부산사상경찰서
F2020042100002171-1,2020-04-21,백운파출소
F2020042100002177-1,2020-04-21,서울강북경찰서민원봉사실
F2020042100002176-1,2020-02-09,서울서초경찰서
F2020042100002178-1,2020-04-21,대구남부경찰서
F2020042100002169-1,2020-04-21,부산사상경찰서
F2020042100002164-1,2020-02-09,서울서초경찰서
F2020042100002135-1,2020-02-18,화성동탄경찰서
F2020042100002133-1,2020-02-19,화성동탄경찰서
F2020042100002160-1,2020-02-11,서울서초경찰서
V0002104F04210006-1,2020-04-21,오금역(3호선)
V0002104F04210004-1,2020-04-21,오금역(3호선)
V0002108F04210004-1,2020-04-21,당고개역(4호선)
F2020042100002134-1,2020-02-13,서울서초경찰서
F2020042100002126-1,2020-02-14,서울서초경찰서
F2020042100002106-1,2020-02-14,서울서초경찰서
F2020042100002094-1,2020-04-19,부산사상경찰서
F2020042100002094-1,2020-04-19,부산사상경찰서
F2020042100002092-1,2020-02-17,서울서초경찰서
V0000244F04210008-1,2020-04-21,방화역(5호선)
F2020042100002080-1,2020-02-19,서울서초경찰서
F2020042100001967-1,2020-04-16,정읍경찰서
F2020042100001967-1,2020-04-16,정읍경찰서
F2020042100001957-1,2020-04-16,정읍경찰서
F2020042100001967-1,2020-04-16,정읍경찰서
F2020042100001957-1,2020-04-16,정읍경찰서
F2020042100001967-1,2020-04-16,정읍경찰서
F2020042100001967-1,2020-04-16,정읍경찰서
F2020042100001957-1,2020-04-16,정읍경찰서
F2020042100001945-1,2020-04-20,정읍경찰서
F2020042100002066-1,2020-02-22,서울서초경찰서
F2020042100002032-1,2020-04-21,용신지구대
V0000435F04210002-1,2020-04-21,사평역(9호선)
V0001538F04210002-1,2020-04-21,장암역(7호선)
F2020042100002012-1,2020-04-21,가능지구대
F2020042100001956-1,2020-03-15,부산동부경찰서
F2020042100001922-1,2020-04-21,서귀포시자치경찰대
F2020042100001916-1,2020-04-19,서울중부경찰서
F2020042100001910-1,2020-03-15,시흥경찰서
F2020042100001767-1,2020-02-25,서울숲지구대
F2020042100001874-1,2020-04-14,부산북부경찰서
F2020042100001751-1,2020-04-20,서울강남경찰서
V0002034F04210006-1,2020-04-21,양천구청역(2호선)
F2020042100001739-1,2020-04-21,신곡지구대
F2020042100001731-1,2020-03-03,울산중부경찰서
F2020042100001723-1,2020-02-16,울산중부경찰서
F2020042100001615-1,2020-04-21,부산동부경찰서
V0000286F04210002-1,2020-04-21,고덕역(5호선)
F2020042100001563-1,2020-04-21,부산기장경찰서
F2020042100001555-1,2020-04-21,송산지구대
F2020042100001553-1,2020-04-21,염주파출소
F2020042100001533-1,2020-04-08,익산경찰서
F2020042100001525-1,2020-04-11,익산경찰서
F2020042100001523-1,2020-04-11,익산경찰서
F2020042100001517-1,2020-04-13,익산경찰서
F2020042100001515-1,2020-04-13,익산경찰서
F2020042100001515-1,2020-04-13,익산경찰서
F2020042100001463-1,2020-04-17,부산사하경찰서
V0000281F04210004-1,2020-04-21,천호역(5호선)
F2020042100001429-1,2020-04-17,인천미추홀경찰서
V0002108F04210002-1,2020-04-21,당고개역(4호선)
F2020042100001364-1,2020-03-30,괴산경찰서
F2020042100001413-1,2020-04-18,와부파출소
V0003408F04210008-1,2020-04-21,구로역(한국철도공사)
V0000428F04210002-1,2020-04-21,노량진역(9호선)
F2020042100001324-1,2020-04-21,춘천경찰서
F2020042100001314-1,2020-04-21,춘천경찰서
V0000287F04210006-1,2020-04-21,상일동역(5호선)
V0003508F04210008-1,2020-04-21,익산역(한국철도공사)
F2020042100001292-1,2020-04-09,광주동부경찰서
F2020042100001292-1,2020-04-09,광주동부경찰서
F2020042100001288-1,2020-04-13,광주동부경찰서
F2020042100001286-1,2020-04-13,광주동부경찰서
F2020042100001361-1,2020-04-19,인천남동경찰서
F2020042100001361-1,2020-04-19,인천남동경찰서
F2020042100001282-1,2020-04-14,광주동부경찰서
V0003076F04210022-1,2020-04-21,용산역(한국철도공사)
F2020042100001357-1,2020-04-21,신정2지구대
F2020042100001270-1,2020-04-16,광주동부경찰서
F2020042100001266-1,2020-04-13,광주동부경찰서
F2020042100001264-1,2020-04-21,번3파출소
V0000521F04210008-1,2020-04-21,진주역(한국철도공사)
F2020042100001256-1,2020-04-14,광주동부경찰서
F2020042100001254-2,2020-04-16,서울동작경찰서
F2020042100001252-1,2020-04-09,광주동부경찰서
F2020042100001250-1,2020-04-13,광주동부경찰서
F2020042100001246-1,2020-04-14,광주동부경찰서
V0002134F04210002-1,2020-04-21,시청유실물센터
F2020042100001244-1,2020-04-13,광주동부경찰서
F2020042100001242-1,2020-04-16,광주동부경찰서
F2020042100001212-1,2020-04-21,원종지구대
F2020042100001208-1,2020-04-14,감삼파출소
F2020042100001208-1,2020-04-14,감삼파출소
F2020042100001206-1,2020-04-16,광주동부경찰서
F2020042100001206-1,2020-04-16,광주동부경찰서
F2020042100001140-1,2020-04-13,광주동부경찰서
F2020042100001136-1,2020-04-13,광주동부경찰서
F2020042100001127-1,2020-04-21,신촌지구대
V0000364F04210002-1,2020-04-21,고속터미널역(7호선)
V0000415F04210002-1,2020-04-21,신방화역(9호선)
V0001534F04210012-1,2020-04-20,정부청사역유실물센터
V0001534F04210010-1,2020-04-20,정부청사역유실물센터
V0001534F04210008-1,2020-04-20,정부청사역유실물센터
V0001534F04210004-1,2020-04-20,정부청사역유실물센터
V0001534F04210002-1,2020-04-20,정부청사역유실물센터
V0000336F04210004-1,2020-04-21,봉화산역(6호선)
F2020042100000971-1,2020-04-18,진해경찰서
F2020042100000964-1,2020-04-14,진해경찰서
F2020042100000964-1,2020-04-14,진해경찰서
V0000281F04210002-1,2020-04-21,천호역(5호선)
F2020042100000797-1,2020-04-15,서울서대문경찰서
F2020042100000793-1,2020-04-20,마산동부경찰서
F2020042100000954-2,2020-04-21,부산동부경찰서
F2020042100000791-1,2020-04-21,서울서대문경찰서
F2020042100000950-1,2020-04-21,금오지구대
F2020042100000950-1,2020-04-21,금오지구대
F2020042100000773-1,2020-04-21,구리경찰서
F2020042100000940-1,2020-03-01,가능지구대
F2020042100000751-1,2020-04-20,서울서대문경찰서
F2020042100000741-1,2020-04-20,아산경찰서
F2020042100000741-1,2020-04-20,아산경찰서
V0002978F04210016-1,2020-04-21,부산역(한국철도공사)
V0003076F04210016-1,2020-04-21,용산역(한국철도공사)
V0003076F04210016-1,2020-04-21,용산역(한국철도공사)
F2020042100000884-1,2020-04-21,구리경찰서
V0003076F04210014-1,2020-04-21,용산역(한국철도공사)
F2020042100000695-1,2020-04-21,금정파출소
V0003264F04210006-1,2020-04-21,왕십리역(한국철도공사)
V0000431F04210002-1,2020-04-21,동작역(9호선)
F2020042100000828-1,2020-04-20,서울마포경찰서
F2020042100000685-1,2020-04-19,청주흥덕경찰서
F2020042100000816-1,2020-04-20,군산경찰서
F2020042100000663-1,2020-04-21,평택경찰서
F2020042100000655-1,2020-04-17,제주자치경찰단
V0002034F04210004-1,2020-04-21,양천구청역(2호선)
V0002034F04210004-1,2020-04-21,양천구청역(2호선)
F2020042100000776-1,2020-04-20,서울관악경찰서
V0002054F04210004-1,2020-04-21,충무로유실물센터
V0002064F04210002-1,2020-04-21,종로3가역(3호선)
V0001904F04210002-1,2020-04-21,시청유실물센터
V0001926F04210008-1,2020-04-21,청량리역(1호선)
V0001914F04210002-1,2020-04-21,종각역(1호선)
F2020042100000600-1,2020-04-12,여수경찰서
F2020042100000598-1,2020-04-16,울산울주경찰서
F2020042100000447-1,2020-04-21,진해경찰서
V0002100F04210004-1,2020-04-21,수서역(3호선)
V0000347F04210002-1,2020-04-21,태릉입구역(7호선)
F2020042100000331-1,2020-04-21,산본지구대
V0000318F04210002-1,2020-04-21,녹사평역(6호선)
V0000318F04210002-1,2020-04-21,녹사평역(6호선)
F2020042100000303-1,2020-04-06,부산유실물센터
F2020042100000301-1,2020-04-20,서울용산경찰서
V0003408F04210004-1,2020-04-21,구로역(한국철도공사)
F2020042100000261-1,2020-04-16,서울서부경찰서
F2020042100000247-1,2020-04-20,광주서부경찰서
V0003254F04210002-1,2020-04-21,수서역(한국철도공사)
F2020042100000234-1,2020-04-20,용인동부경찰서
V0000287F04210002-1,2020-04-21,상일동역(5호선)
F2020042100000223-1,2020-04-21,대구달서경찰서
F2020042100000212-1,2020-04-20,일산동부경찰서
F2020042100000219-1,2020-04-21,성남수정경찰서
F2020042100000209-1,2020-04-01,청주상당경찰서
F2020042100000203-1,2020-04-01,청주상당경찰서
V0000402F04210002-1,2020-04-20,장지역(8호선)
F2020042100000181-1,2020-04-20,대전둔산경찰서
F2020042100000179-1,2020-04-01,청주상당경찰서
V0000361F04210002-1,2020-04-20,학동역(7호선)
V0000280F04210002-1,2020-04-21,광나루역(5호선)
V0000389F04210004-1,2020-04-21,부평구청역(7호선)
V0000389F04210002-1,2020-04-21,부평구청역(7호선)
V0002794F04210002-1,2020-04-20,롯데몰(김포공항점)
V0001512F04210024-1,2020-04-19,제주국제공항
V0001512F04210016-1,2020-04-19,제주국제공항
V0001512F04210014-1,2020-04-18,제주국제공항
V0001512F04210012-1,2020-04-19,제주국제공항
V0001512F04210010-1,2020-04-19,제주국제공항
F2020042100000132-1,2020-04-21,퇴계원파출소
F2020042100000105-1,2020-04-21,대전둔산경찰서
F2020042100000104-1,2020-04-21,부산사상경찰서
F2020042100000071-1,2020-04-21,춘천경찰서
F2020042100000078-1,2020-04-21,서울용산경찰서
F2020042100000052-1,2020-04-21,서울관악경찰서
V0002790F04210004-1,2020-04-21,롯데백화점(김포공항점)
F2020042100000036-1,2020-04-21,부산진경찰서
V0002042F04210002-1,2020-04-21,구파발역(3호선)
V0002024F04210002-1,2020-04-21,신도림역(2호선)
V0001964F04210004-1,2020-04-21,성수역(2호선)
V0001964F04210004-1,2020-04-21,성수역(2호선)
V0000344F04200002-1,2020-04-20,태릉유실물센터
V0000319F04200002-1,2020-04-20,이태원역(6호선)
V0003076F04200048-1,2020-04-20,용산역(한국철도공사)
V0002108F04200028-1,2020-04-20,당고개역(4호선)
V0000021F04200026-1,2020-04-20,광운대역(한국철도공사)
V0003076F04200046-1,2020-04-20,용산역(한국철도공사)
V0000021F04200024-1,2020-04-20,광운대역(한국철도공사)
F2020042000002572-1,2020-04-20,거제경찰서
F2020042000002572-1,2020-04-20,거제경찰서
F2020042000002568-1,2020-04-20,비원지구대
F2020042000002913-1,2020-04-20,울산동부경찰서
F2020042000002905-1,2020-04-20,일산동부경찰서
V0000336F04200014-1,2020-04-20,봉화산역(6호선)
F2020042000002899-1,2020-04-20,미사지구대
F2020042000002382-1,2020-04-20,종로5가파출소
F2020042000002891-1,2020-04-20,성남수정경찰서
F2020042000002889-1,2020-04-20,제주서부경찰서
F2020042000002883-1,2020-04-20,천안서북경찰서
V0001910F04200002-1,2020-04-20,시청유실물센터
V0000340F04200018-1,2020-04-20,도봉산역(7호선)
V0000375F04200004-1,2020-04-17,남구로역(7호선)
V0002104F04200024-1,2020-04-20,오금역(3호선)
V0003076F04200042-1,2020-04-20,용산역(한국철도공사)
F2020042000002326-1,2020-04-20,천안동남경찰서
F2020042000002318-1,2020-04-20,서울중부경찰서
V0000389F04200006-1,2020-04-20,부평구청역(7호선)
F2020042000002304-1,2020-04-20,우정파출소
F2020042000002298-1,2020-04-15,서울용산경찰서
V0001936F04200002-1,2020-04-20,이대역(2호선)
F2020042000002803-1,2020-04-20,진해경찰서
F2020042000002791-1,2020-04-20,서울서대문경찰서
F2020042000002232-1,2020-04-20,서울용산경찰서
V0000384F04200002-1,2020-04-20,신중동역(7호선)
V0000381F04200002-1,2020-04-20,까치울역(7호선)
V0000384F04200002-1,2020-04-20,신중동역(7호선)
V0002042F04200004-1,2020-04-20,구파발역(3호선)
V0000244F04200008-1,2020-04-20,방화역(5호선)
F2020042000002176-1,2020-04-20,수원중부경찰서
F2020042000002725-1,2020-04-20,서울중부경찰서
F2020042000002723-1,2020-04-20,서울관악경찰서
F2020042000002156-1,2020-04-20,부산해운대경찰서
V0000413F04200002-1,2020-04-20,동작역(9호선)
F2020042000002713-1,2020-04-18,고성경찰서
F2020042000002132-1,2020-04-20,천안서북경찰서
F2020042000002132-1,2020-04-20,천안서북경찰서
F2020042000002709-1,2020-04-20,대전유성경찰서
F2020042000002701-1,2020-04-20,인천서부경찰서
V0000021F04200012-1,2020-04-20,광운대역(한국철도공사)
V0000393F04200002-1,2020-04-20,왕십리유실물센터
V0003076F04200032-1,2020-04-20,용산역(한국철도공사)
F2020042000002675-1,2020-04-20,인천미추홀경찰서
F2020042000002669-1,2020-04-20,인천미추홀경찰서
F2020042000002040-1,2020-02-20,서울수서경찰서
F2020042000002012-1,2020-04-20,서울노원경찰서
F2020042000002012-1,2020-04-20,서울노원경찰서
F2020042000002010-1,2020-04-13,대전둔산경찰서
F2020042000001934-1,2020-04-20,순천경찰서
F2020042000002617-1,2020-04-20,군산경찰서
V0000340F04200014-1,2020-04-20,도봉산역(7호선)
V0000340F04200014-1,2020-04-20,도봉산역(7호선)
V0000358F04200002-1,2020-04-20,태릉유실물센터
F2020042000002507-1,2020-04-20,자양1파출소
V0002036F04200004-1,2020-04-20,신정네거리역(2호선)
F2020042000001884-1,2020-04-20,진해경찰서
F2020042000001880-1,2020-04-19,선부파출소
F2020042000002463-1,2020-04-20,안양만안경찰서
F2020042000002459-1,2020-04-20,신구로지구대
F2020042000001862-1,2020-04-16,서울중부경찰서
F2020042000001846-1,2020-04-17,진접파출소
F2020042000002443-1,2020-04-20,서울서부경찰서
F2020042000002441-1,2020-04-20,서울서대문경찰서
F2020042000002421-1,2020-01-17,구미경찰서
F2020042000002419-1,2020-04-20,부산연제경찰서
F2020042000002419-2,2020-04-20,부산연제경찰서
F2020042000002407-1,2020-01-09,구미경찰서
F2020042000002395-1,2020-04-16,부산해운대경찰서
V0003076F04200030-1,2020-04-20,용산역(한국철도공사)
F2020042000002365-1,2020-04-19,창원중부경찰서
F2020042000002329-1,2020-04-20,제주동부경찰서
F2020042000002323-1,2020-04-20,제주자치경찰단
F2020042000001786-1,2020-04-08,일산동부경찰서
F2020042000002163-1,2020-04-16,울산울주경찰서
F2020042000002155-1,2020-04-16,울산울주경찰서
F2020042000002153-1,2020-04-20,광주서부경찰서
F2020042000001694-1,2020-04-17,군산경찰서
F2020042000002123-4,2020-04-18,부산진경찰서
F2020042000001965-1,2020-04-12,부산유실물센터
V0002012F04200002-1,2020-04-20,봉천역(2호선)
F2020042000001941-1,2020-04-12,부산유실물센터
F2020042000001923-1,2020-04-11,부산유실물센터
F2020042000001913-1,2020-04-16,서울남대문경찰서
F2020042000001907-1,2020-04-12,서울남대문경찰서
F2020042000001903-1,2020-04-11,서울남대문경찰서
F2020042000001901-1,2020-04-10,서울남대문경찰서
F2020042000001899-1,2020-04-10,서울남대문경찰서
F2020042000001901-1,2020-04-10,서울남대문경찰서
F2020042000001899-1,2020-04-10,서울남대문경찰서
F2020042000001897-1,2020-04-08,서울남대문경찰서
F2020042000001895-1,2020-04-08,서울남대문경찰서
F2020042000001893-1,2020-04-07,서울남대문경찰서
F2020042000001891-1,2020-02-29,서울남대문경찰서
F2020042000001889-1,2020-04-13,서울남대문경찰서
F2020042000001887-1,2020-04-11,서울남대문경찰서
F2020042000001885-1,2020-04-09,서울남대문경찰서
F2020042000001879-1,2020-04-15,서울남대문경찰서
F2020042000001879-1,2020-04-15,서울남대문경찰서
F2020042000001875-1,2020-04-11,부산유실물센터
F2020042000001849-1,2020-04-16,울산울주경찰서
F2020042000001849-1,2020-04-16,울산울주경찰서
F2020042000001845-1,2020-04-11,부산유실물센터
F2020042000001809-1,2020-04-11,부산유실물센터
F2020042000001787-1,2020-04-10,부산유실물센터
F2020042000001779-1,2020-04-20,서울관악경찰서
F2020042000001771-1,2020-04-07,부산유실물센터
F2020042000001496-3,2020-04-16,부산동부경찰서
F2020042000001496-2,2020-04-16,부산동부경찰서
F2020042000001496-1,2020-04-16,부산동부경찰서
F2020042000001755-1,2020-04-20,서울관악경찰서
F2020042000001661-1,2020-04-08,부산유실물센터
F2020042000001653-1,2020-04-14,부산해운대경찰서
V0001940F04200004-1,2020-04-20,충정로역(2호선)
V0002348F04200042-1,2020-04-20,"(사)소비자시민모임(충남,천안,아산)"
F2020042000001625-1,2020-04-07,부산유실물센터
V0002348F04200042-1,2020-04-20,"(사)소비자시민모임(충남,천안,아산)"
V0002348F04200034-1,2020-04-20,"(사)소비자시민모임(충남,천안,아산)"
V0002348F04200032-1,2020-04-20,"(사)소비자시민모임(충남,천안,아산)"
F2020042000001605-1,2020-04-16,부산해운대경찰서
F2020042000001422-1,2020-04-13,대구중부경찰서
V0002034F04200006-1,2020-04-20,양천구청역(2호선)
V0002034F04200006-1,2020-04-20,양천구청역(2호선)
F2020042000001591-1,2020-04-18,서울서대문경찰서
V0002348F04200026-1,2020-04-20,"(사)소비자시민모임(충남,천안,아산)"
V0002348F04200024-1,2020-04-20,"(사)소비자시민모임(충남,천안,아산)"
V0000258F04200002-1,2020-04-20,영등포시장역(5호선)
V0002348F04200018-1,2020-04-20,"(사)소비자시민모임(충남,천안,아산)"
F2020042000001559-1,2020-04-19,인천미추홀경찰서
V0002348F04200012-1,2020-04-20,"(사)소비자시민모임(충남,천안,아산)"
F2020042000001322-1,2020-04-20,이현지구대
V0002348F04200006-1,2020-04-20,"(사)소비자시민모임(충남,천안,아산)"
V0002348F04200004-1,2020-04-20,"(사)소비자시민모임(충남,천안,아산)"
V0003076F04200028-1,2020-04-20,용산역(한국철도공사)
V0000271F04200002-1,2020-04-20,청구역(5호선)
F2020042000001308-1,2020-02-16,포항북부경찰서
F2020042000001308-1,2020-02-16,포항북부경찰서
F2020042000001298-1,2020-04-14,범어지구대
F2020042000001294-1,2020-02-17,포항북부경찰서
F2020042000001266-1,2020-04-01,부산북부경찰서
V0000428F04200002-1,2020-04-20,동작역(9호선)
F2020042000001258-1,2020-04-01,부산북부경찰서
F2020042000001254-1,2020-04-20,인천부평경찰서
F2020042000001377-1,2020-03-29,관산파출소
F2020042000001375-1,2020-04-20,서울관악경찰서
F2020042000001313-1,2020-04-09,관산파출소
F2020042000001313-1,2020-04-09,관산파출소
V0000340F04200010-1,2020-04-20,도봉산역(7호선)
F2020042000001291-1,2020-04-20,춘천경찰서
F2020042000001202-1,2020-04-18,춘천경찰서
F2020042000001202-1,2020-04-18,춘천경찰서
F2020042000001194-1,2020-04-20,삼척경찰서
F2020042000001194-1,2020-04-20,삼척경찰서
F2020042000001281-1,2020-04-16,대전둔산경찰서
V0000340F04200006-1,2020-04-20,도봉산역(7호선)
V0002164F04200008-1,2020-04-20,충무로유실물센터
F2020042000001178-1,2020-04-19,춘천경찰서
F2020042000001137-1,2020-04-17,진해경찰서
V0002104F04200020-1,2020-04-20,오금역(3호선)
V0002104F04200018-1,2020-04-20,오금역(3호선)
F2020042000001162-1,2020-03-31,여수경찰서
F2020042000001162-1,2020-03-31,여수경찰서
V0002024F04200004-1,2020-04-20,신도림역(2호선)
F2020042000001158-1,2020-02-01,서울서부경찰서
F2020042000001158-1,2020-02-01,서울서부경찰서
F2020042000001156-1,2020-04-11,서울서부경찰서
F2020042000001154-1,2020-03-31,여수경찰서
F2020042000001150-1,2020-04-14,서울서부경찰서
V0002578F04200006-1,2020-04-19,태진여객(주)
V0002578F04200004-1,2020-04-18,태진여객(주)
V0002578F04200004-1,2020-04-18,태진여객(주)
F2020042000001132-1,2020-04-19,위례파출소
F2020042000001118-1,2020-04-11,서울서부경찰서
F2020042000000993-1,2020-04-08,서울노원경찰서
F2020042000000989-1,2020-04-05,서울노원경찰서
F2020042000001110-1,2020-04-06,서울서부경찰서
F2020042000001110-1,2020-04-06,서울서부경찰서
F2020042000001106-1,2020-04-08,서울서부경찰서
F2020042000000981-1,2020-04-20,시흥경찰서
F2020042000001102-1,2020-04-15,아중지구대
F2020042000000977-1,2020-04-08,서울노원경찰서
F2020042000001100-1,2020-04-20,배곧파출소
F2020042000000971-1,2020-04-08,서울노원경찰서
F2020042000001074-1,2020-04-20,부산북부경찰서
F2020042000001066-1,2020-04-08,울산울주경찰서
F2020042000000917-1,2020-04-17,익산경찰서
V0000343F04200002-1,2020-04-20,노원역(7호선)
F2020042000001016-1,2020-04-18,인천미추홀경찰서
F2020042000001016-1,2020-04-18,인천미추홀경찰서
F2020042000000881-1,2020-04-20,서울강동경찰서
F2020042000001016-1,2020-04-18,인천미추홀경찰서
V0002000F04200002-1,2020-04-20,시청유실물센터
V0000340F04200004-1,2020-04-20,도봉산역(7호선)
V0000340F04200004-1,2020-04-20,도봉산역(7호선)
V0000340F04200004-1,2020-04-20,도봉산역(7호선)
V0000395F04200002-1,2020-04-20,왕십리유실물센터
F2020042000000984-1,2020-04-18,광명파출소
V0001534F04200042-1,2020-04-17,정부청사역유실물센터
V0001534F04200042-1,2020-04-17,정부청사역유실물센터
V0001534F04200040-1,2020-04-17,정부청사역유실물센터
V0001534F04200038-1,2020-04-17,정부청사역유실물센터
F2020042000000982-1,2020-04-19,서울노원경찰서
V0001534F04200040-1,2020-04-17,정부청사역유실물센터
V0001534F04200036-1,2020-04-19,정부청사역유실물센터
F2020042000000992-1,2020-04-19,서울중랑경찰서
F2020042000000982-1,2020-04-19,서울노원경찰서
V0001534F04200038-1,2020-04-17,정부청사역유실물센터
V0001534F04200040-1,2020-04-17,정부청사역유실물센터
V0001534F04200038-1,2020-04-17,정부청사역유실물센터
V0002080F04200004-1,2020-04-20,고속터미널역(3호선)
V0002080F04200004-1,2020-04-20,고속터미널역(3호선)
F2020042000000839-1,2020-04-19,와동파출소
V0001534F04200034-1,2020-04-17,정부청사역유실물센터
V0001534F04200032-1,2020-04-17,정부청사역유실물센터
V0001534F04200032-1,2020-04-17,정부청사역유실물센터
F2020042000000980-1,2020-04-19,포항남부경찰서
V0001534F04200030-1,2020-04-17,정부청사역유실물센터
V0001534F04200028-1,2020-04-17,정부청사역유실물센터
V0001534F04200026-1,2020-04-17,정부청사역유실물센터
V0001534F04200020-1,2020-04-19,정부청사역유실물센터
V0001534F04200020-1,2020-04-19,정부청사역유실물센터
V0001534F04200020-1,2020-04-19,정부청사역유실물센터
V0001534F04200022-1,2020-04-17,정부청사역유실물센터
V0001534F04200022-1,2020-04-17,정부청사역유실물센터
V0001534F04200022-1,2020-04-17,정부청사역유실물센터
V0001534F04200018-1,2020-04-19,정부청사역유실물센터
V0001534F04200014-1,2020-04-17,정부청사역유실물센터
V0001534F04200014-1,2020-04-17,정부청사역유실물센터
V0001534F04200010-1,2020-04-19,정부청사역유실물센터
V0001534F04200008-1,2020-04-18,정부청사역유실물센터
F2020042000000974-1,2020-04-20,다사파출소
V0001534F04200004-1,2020-04-18,정부청사역유실물센터
V0001888F04200026-1,2020-04-19,동화운수(광주)
V0001888F04200024-1,2020-04-19,동화운수(광주)
F2020042000000783-1,2020-04-19,서울관악경찰서
F2020042000000783-1,2020-04-19,서울관악경찰서
V0001888F04200024-1,2020-04-19,동화운수(광주)
V0001888F04200024-1,2020-04-19,동화운수(광주)
V0002986F04200002-1,2020-04-20,울산역(한국철도공사)
V0002986F04200002-1,2020-04-20,울산역(한국철도공사)
F2020042000000783-1,2020-04-19,서울관악경찰서
F2020042000000783-1,2020-04-19,서울관악경찰서
F2020042000000918-1,2020-04-17,사천경찰서
V0001888F04200018-1,2020-04-18,동화운수(광주)
V0001888F04200016-1,2020-04-17,동화운수(광주)
V0001888F04200018-1,2020-04-18,동화운수(광주)
V0001888F04200016-1,2020-04-17,동화운수(광주)
V0001888F04200016-1,2020-04-17,동화운수(광주)
V0001888F04200016-1,2020-04-17,동화운수(광주)
V0001888F04200016-1,2020-04-17,동화운수(광주)
V0001888F04200004-1,2020-04-14,동화운수(광주)
V0001888F04200004-1,2020-04-14,동화운수(광주)
V0002080F04200002-1,2020-04-20,고속터미널역(3호선)
V0001888F04200002-1,2020-04-14,동화운수(광주)
F2020042000000719-2,2020-04-17,부산서부경찰서
F2020042000000844-1,2020-04-20,종로5가파출소
F2020042000000719-2,2020-04-17,부산서부경찰서
F2020042000000719-1,2020-04-17,부산서부경찰서
V0003076F04200018-1,2020-04-20,용산역(한국철도공사)
