F2020042100002153-1,2020-01-08,화성동탄경찰서
F2020042100002135-1,2020-02-18,화성동탄경찰서
F2020042100002133-1,2020-02-19,화성동탄경찰서
F2020042100001967-1,2020-04-16,정읍경찰서
F2020042100001874-1,2020-04-14,부산북부경찰서
F2020042100001727-1,2020-02-26,울산중부경찰서
F2020042100001832-1,2020-04-10,제주동부경찰서
F2020042100001533-1,2020-04-08,익산경찰서
F2020042100001527-1,2020-04-11,익산경찰서
F2020042100001525-1,2020-04-11,익산경찰서
F2020042100001521-1,2020-04-11,익산경찰서
F2020042100001519-1,2020-04-11,익산경찰서
F2020042100001517-1,2020-04-13,익산경찰서
F2020042100001515-1,2020-04-13,익산경찰서
F2020042100001429-1,2020-04-17,인천미추홀경찰서
F2020042100001364-1,2020-03-30,괴산경찰서
F2020042100001413-1,2020-04-18,와부파출소
F2020042100001316-1,2020-04-16,울산울주경찰서
F2020042100001292-1,2020-04-09,광주동부경찰서
F2020042100001288-1,2020-04-13,광주동부경찰서
F2020042100001286-1,2020-04-13,광주동부경찰서
F2020042100001282-1,2020-04-14,광주동부경찰서
F2020042100001280-1,2020-04-14,광주동부경찰서
F2020042100001278-1,2020-04-13,광주동부경찰서
F2020042100001270-1,2020-04-16,광주동부경찰서
F2020042100001266-1,2020-04-13,광주동부경찰서
F2020042100001258-1,2020-04-13,광주동부경찰서
F2020042100001256-1,2020-04-14,광주동부경찰서
F2020042100001254-2,2020-04-16,서울동작경찰서
F2020042100001252-1,2020-04-09,광주동부경찰서
F2020042100001250-1,2020-04-13,광주동부경찰서
F2020042100001246-1,2020-04-14,광주동부경찰서
F2020042100001244-1,2020-04-13,광주동부경찰서
F2020042100001244-1,2020-04-13,광주동부경찰서
F2020042100001218-1,2020-04-16,광주동부경찰서
F2020042100001210-1,2020-04-18,부산북부경찰서
F2020042100001206-1,2020-04-16,광주동부경찰서
F2020042100001204-1,2020-04-16,광주동부경찰서
F2020042100001146-1,2020-04-14,광주동부경찰서
F2020042100001140-1,2020-04-13,광주동부경찰서
F2020042100001136-1,2020-04-13,광주동부경찰서
F2020042100000971-1,2020-04-18,용원파출소
F2020042100000797-1,2020-04-15,서울서대문경찰서
F2020042100000795-1,2020-04-15,서울서대문경찰서
F2020042100000940-1,2020-03-01,가능지구대
F2020042100000655-1,2020-04-17,제주자치경찰단
F2020042100000598-1,2020-04-16,울산울주경찰서
F2020042100000261-1,2020-04-16,서울서부경찰서
F2020042100000209-1,2020-04-01,청주상당경찰서
F2020042100000203-1,2020-04-01,청주상당경찰서
F2020042100000179-1,2020-04-01,청주상당경찰서
V0001512F04210014-1,2020-04-18,제주국제공항
F2020042000001866-1,2020-04-05,인천미추홀경찰서
F2020042000001866-1,2020-04-05,인천미추홀경찰서
F2020042000001846-1,2020-04-17,진접파출소
F2020042000002421-1,2020-01-17,구미경찰서
F2020042000002407-1,2020-01-09,구미경찰서
F2020042000002395-1,2020-04-16,부산해운대경찰서
F2020042000001786-1,2020-04-08,일산동부경찰서
F2020042000001786-1,2020-04-08,일산동부경찰서
F2020042000002163-1,2020-04-16,울산울주경찰서
F2020042000002155-1,2020-04-16,울산울주경찰서
F2020042000001694-1,2020-04-17,군산경찰서
F2020042000002123-4,2020-04-18,부산진경찰서
F2020042000001965-1,2020-04-12,부산유실물센터
F2020042000001941-1,2020-04-12,부산유실물센터
F2020042000001923-1,2020-04-11,부산유실물센터
F2020042000001913-1,2020-04-16,서울남대문경찰서
F2020042000001907-1,2020-04-12,서울남대문경찰서
F2020042000001903-1,2020-04-11,서울남대문경찰서
F2020042000001901-1,2020-04-10,서울남대문경찰서
F2020042000001899-1,2020-04-10,서울남대문경찰서
F2020042000001895-1,2020-04-08,서울남대문경찰서
F2020042000001893-1,2020-04-07,서울남대문경찰서
F2020042000001891-1,2020-02-29,서울남대문경찰서
F2020042000001879-1,2020-04-15,서울남대문경찰서
F2020042000001875-1,2020-04-11,부산유실물센터
F2020042000001849-1,2020-04-16,울산울주경찰서
F2020042000001845-1,2020-04-11,부산유실물센터
F2020042000001843-1,2020-04-14,서울남대문경찰서
F2020042000001821-1,2020-04-11,부산유실물센터
F2020042000001809-1,2020-04-11,부산유실물센터
F2020042000001787-1,2020-04-10,부산유실물센터
F2020042000001771-1,2020-04-07,부산유실물센터
F2020042000001496-3,2020-04-16,부산동부경찰서
F2020042000001496-1,2020-04-16,부산동부경찰서
F2020042000001496-2,2020-04-16,부산동부경찰서
F2020042000001661-1,2020-04-08,부산유실물센터
F2020042000001633-1,2020-04-07,부산유실물센터
F2020042000001625-1,2020-04-07,부산유실물센터
F2020042000001591-1,2020-04-18,서울서대문경찰서
F2020042000001308-1,2020-02-16,포항북부경찰서
F2020042000001306-1,2020-02-17,포항북부경찰서
F2020042000001294-1,2020-02-17,포항북부경찰서
F2020042000001266-1,2020-04-01,부산북부경찰서
F2020042000001258-1,2020-04-01,부산북부경찰서
F2020042000001377-1,2020-03-29,관산파출소
F2020042000001244-1,2020-04-18,부산북부경찰서
F2020042000001313-1,2020-04-09,관산파출소
F2020042000001202-1,2020-04-18,춘천경찰서
V0001534F04200046-1,2020-04-18,정부청사역유실물센터
F2020042000001277-1,2020-03-21,관산파출소
F2020042000001137-1,2020-04-17,진해경찰서
F2020042000001162-1,2020-03-31,여수경찰서
F2020042000001158-1,2020-02-01,서울서부경찰서
F2020042000001156-1,2020-04-11,서울서부경찰서
F2020042000001150-1,2020-04-14,서울서부경찰서
V0002578F04200004-1,2020-04-18,태진여객(주)
V0002578F04200004-1,2020-04-18,태진여객(주)
V0002578F04200002-1,2020-04-17,태진여객(주)
F2020042000001118-1,2020-04-11,서울서부경찰서
F2020042000000989-1,2020-04-05,서울노원경찰서
F2020042000001110-1,2020-04-06,서울서부경찰서
F2020042000001106-1,2020-04-08,서울서부경찰서
F2020042000001102-1,2020-04-15,아중지구대
F2020042000000975-1,2020-04-13,서울중랑경찰서
F2020042000000971-1,2020-04-08,서울노원경찰서
F2020042000001092-1,2020-04-11,서울서부경찰서
F2020042000001066-1,2020-04-08,울산울주경찰서
F2020042000001016-1,2020-04-18,인천미추홀경찰서
F2020042000000849-1,2020-04-17,원주경찰서
F2020042000001000-1,2020-04-17,인천남동경찰서
V0001534F04200042-1,2020-04-17,정부청사역유실물센터
V0001534F04200040-1,2020-04-17,정부청사역유실물센터
V0001534F04200038-1,2020-04-17,정부청사역유실물센터
V0001534F04200034-1,2020-04-17,정부청사역유실물센터
V0001534F04200034-1,2020-04-17,정부청사역유실물센터
V0001534F04200032-1,2020-04-17,정부청사역유실물센터
V0001534F04200030-1,2020-04-17,정부청사역유실물센터
V0001534F04200028-1,2020-04-17,정부청사역유실물센터
V0001534F04200026-1,2020-04-17,정부청사역유실물센터
V0001534F04200022-1,2020-04-17,정부청사역유실물센터
V0001534F04200014-1,2020-04-17,정부청사역유실물센터
V0001534F04200008-1,2020-04-18,정부청사역유실물센터
V0001534F04200008-1,2020-04-18,정부청사역유실물센터
V0001534F04200002-1,2020-04-17,정부청사역유실물센터
F2020042000000918-1,2020-04-17,사천경찰서
V0001888F04200018-1,2020-04-18,동화운수(광주)
V0001888F04200016-1,2020-04-17,동화운수(광주)
V0001888F04200014-1,2020-04-03,동화운수(광주)
V0001888F04200012-1,2020-04-17,동화운수(광주)
V0001888F04200004-1,2020-04-14,동화운수(광주)
V0001888F04200002-1,2020-04-14,동화운수(광주)
F2020042000000719-1,2020-04-17,부산서부경찰서
F2020042000000719-2,2020-04-17,부산서부경찰서
F2020042000000582-1,2020-03-01,춘천경찰서
F2020042000000540-1,2020-04-16,울산울주경찰서
F2020042000000496-1,2020-04-15,서울동작경찰서
F2020042000000432-1,2020-04-15,서울동작경찰서
F2020042000000603-1,2020-04-14,서울동작경찰서
F2020042000000575-1,2020-04-12,서울동작경찰서
F2020042000000386-1,2020-04-11,서울동작경찰서
F2020042000000386-1,2020-04-11,서울동작경찰서
F2020042000000519-1,2020-04-11,서울동작경찰서
F2020042000000382-1,2020-04-11,서울동작경찰서
