F2020042100002311-1,2018-05-03,화성동탄경찰서
F2020042100002225-1,2018-10-11,화성동탄경찰서
F2020042100002219-1,2018-06-26,화성동탄경찰서
F2020042100002217-1,2018-06-26,화성동탄경찰서
F2020042100002213-1,2018-05-25,화성동탄경찰서
F2020042100002189-1,2018-01-05,화성동탄경찰서
F2020042100002187-1,2018-04-19,화성동탄경찰서
F2020042100002185-1,2018-11-13,화성동탄경찰서
F2020042100002163-1,2018-01-28,화성동탄경찰서
F2020042100002161-1,2018-09-25,화성동탄경찰서
F2020041300002563-1,2018-11-26,청주상당경찰서
F2020041300002475-1,2018-11-23,청주상당경찰서
F2020041300002453-1,2018-12-03,청주상당경찰서
F2020041300002441-1,2018-12-01,청주상당경찰서
F2020040300000925-1,2018-12-26,인천미추홀경찰서
V0003884F03200062-1,2018-05-21,삼성전자(화성)
V0003884F03200050-1,2018-01-28,삼성전자(화성)
V0003884F03200048-1,2018-05-21,삼성전자(화성)
V0003884F03200046-1,2018-12-27,삼성전자(화성)
V0003884F03200040-1,2018-10-22,삼성전자(화성)
V0003884F03200038-1,2018-06-04,삼성전자(화성)
V0003884F03200034-1,2018-08-06,삼성전자(화성)
V0003884F03200026-1,2018-06-05,삼성전자(화성)
V0003884F03200024-1,2018-03-12,삼성전자(화성)
V0003884F03200022-1,2018-07-22,삼성전자(화성)
V0003884F03200020-1,2018-03-04,삼성전자(화성)
V0003884F03200018-1,2018-04-26,삼성전자(화성)
V0003884F03200016-1,2018-01-16,삼성전자(화성)
V0003884F03200012-1,2018-10-08,삼성전자(화성)
V0003884F03200010-1,2018-12-12,삼성전자(화성)
V0003884F03200002-1,2018-04-01,삼성전자(화성)
V0003884F03190072-1,2018-10-01,삼성전자(화성)
V0003884F03190070-1,2018-06-17,삼성전자(화성)
V0003884F03190068-1,2018-06-17,삼성전자(화성)
V0003884F03190044-1,2018-07-08,삼성전자(화성)
F2020031700000341-1,2018-05-08,서울송파경찰서
F2020022800000303-1,2018-11-15,서울유실물센터
F2020022800000287-1,2018-11-18,서울유실물센터
F2020022800000285-1,2018-11-25,서울유실물센터
F2020022800000279-1,2018-09-30,서울유실물센터
F2020022800000269-1,2018-12-18,서울유실물센터
F2020012400001457-1,2018-01-01,서울유실물센터
F2020012200000647-1,2018-09-04,양산경찰서
F2020012200000279-1,2018-07-02,양산경찰서
F2020010800002307-1,2018-10-31,핸드폰찾기콜센터
F2020010300001620-1,2018-09-15,사천경찰서
F2020010300001580-1,2018-09-01,사천경찰서
F2020010300001494-1,2018-03-16,사천경찰서
F2020010200002922-1,2018-01-31,서울유실물센터
F2019120200002028-1,2018-12-01,서울유실물센터
F2019120200002018-1,2018-12-01,서울유실물센터
F2019112800001105-1,2018-06-21,포항북부경찰서
F2019112100001438-1,2018-12-20,서울동작경찰서
F2019112100001434-1,2018-12-14,서울동작경찰서
F2019112100001428-1,2018-12-20,서울동작경찰서
F2019112100001288-1,2018-12-07,서울유실물센터
F2019112100001230-1,2018-12-06,서울동작경찰서
F2019112100001224-1,2018-10-29,서울동작경찰서
F2019112100001220-1,2018-08-16,서울동작경찰서
F2019112100001212-1,2018-08-11,서울동작경찰서
F2019111900002010-1,2018-12-13,서울동작경찰서
