F2020042100002283-1,2019-08-04,화성동탄경찰서
F2020042100002231-1,2019-06-21,화성동탄경찰서
F2020042100002165-1,2019-09-23,화성동탄경찰서
F2020042100002159-1,2019-08-16,화성동탄경찰서
F2020042100002157-1,2019-09-20,화성동탄경찰서
F2020042100002155-1,2019-09-20,화성동탄경찰서
F2020042100002151-1,2019-09-27,화성동탄경찰서
F2020042100002147-1,2019-09-20,화성동탄경찰서
F2020042100002145-1,2019-09-11,화성동탄경찰서
F2020042100002143-1,2019-09-19,화성동탄경찰서
F2020042100002141-1,2019-09-18,화성동탄경찰서
F2020042100002131-1,2019-08-29,화성동탄경찰서
F2020042000002333-1,2019-07-20,인천남동경찰서
F2020042000002327-1,2019-08-07,인천남동경찰서
F2020041400002296-1,2019-09-14,서울중랑경찰서
F2020040600001476-1,2019-09-02,서울유실물센터
F2020040600001458-1,2019-06-15,마산중부경찰서
F2020040600001221-1,2019-08-15,서울유실물센터
F2020033100002697-1,2019-08-16,핸드폰찾기콜센터
F2020033000000911-1,2019-07-14,속초경찰서
F2020032800000624-1,2019-07-17,거제경찰서
V0001896F03270030-1,2019-06-06,대구운불련
V0001896F03270020-1,2019-08-23,대구운불련
V0001896F03270018-1,2019-08-18,대구운불련
V0001896F03270016-1,2019-07-12,대구운불련
V0001896F03270014-1,2019-06-16,대구운불련
V0001896F03270012-1,2019-06-13,대구운불련
V0001896F03270010-1,2019-06-14,대구운불련
V0001896F03270008-1,2019-06-11,대구운불련
F2020032500002528-1,2019-07-28,서울강남경찰서
V0003884F03200056-1,2019-06-06,삼성전자(화성)
V0003884F03200044-1,2019-08-25,삼성전자(화성)
V0003884F03200042-1,2019-09-11,삼성전자(화성)
V0003884F03200036-1,2019-08-07,삼성전자(화성)
V0003884F03200030-1,2019-09-05,삼성전자(화성)
V0003884F03200014-1,2019-09-24,삼성전자(화성)
V0003884F03200008-1,2019-09-13,삼성전자(화성)
V0003884F03200006-1,2019-08-05,삼성전자(화성)
V0003884F03190052-1,2019-06-13,삼성전자(화성)
V0003884F03190046-1,2019-09-26,삼성전자(화성)
F2020031800001710-1,2019-09-22,서울유실물센터
F2020031800001210-1,2019-09-08,순천경찰서
F2020031500000596-1,2019-09-26,인천남동경찰서
F2020031200001899-1,2019-07-12,청주상당경찰서
F2020031200001897-1,2019-07-06,청주상당경찰서
F2020031200001889-1,2019-07-05,청주상당경찰서
F2020031200001881-1,2019-07-10,청주상당경찰서
F2020031200001873-1,2019-07-01,청주상당경찰서
F2020031200001869-1,2019-07-06,청주상당경찰서
F2020031200001857-1,2019-07-12,청주상당경찰서
F2020031200001851-1,2019-07-06,청주상당경찰서
F2020031200001847-1,2019-07-05,청주상당경찰서
F2020031200001797-1,2019-08-26,청주상당경찰서
F2020031200001795-1,2019-08-26,청주상당경찰서
F2020031200001791-1,2019-07-07,청주상당경찰서
F2020031200001538-1,2019-07-04,청주상당경찰서
F2020031200001468-1,2019-07-28,청주상당경찰서
F2020031200001450-1,2019-07-03,청주상당경찰서
F2020031200001434-1,2019-07-15,청주상당경찰서
F2020031200001332-1,2019-07-16,청주상당경찰서
F2020031200001304-1,2019-07-17,청주상당경찰서
F2020031200001300-1,2019-08-20,청주상당경찰서
F2020031200001298-1,2019-08-20,청주상당경찰서
F2020031200001278-1,2019-08-11,청주상당경찰서
F2020031200001264-1,2019-08-04,청주상당경찰서
F2020031200001234-1,2019-08-20,청주상당경찰서
F2020031200000331-1,2019-08-29,청주상당경찰서
F2020031200000327-1,2019-09-01,청주상당경찰서
F2020031200000317-1,2019-08-28,청주상당경찰서
F2020031200000315-1,2019-08-21,청주상당경찰서
F2020031200000313-1,2019-08-28,청주상당경찰서
F2020031200000311-1,2019-09-04,청주상당경찰서
F2020031200000305-1,2019-09-03,청주상당경찰서
F2020031200000303-1,2019-09-01,청주상당경찰서
F2020031200000297-1,2019-08-29,청주상당경찰서
F2020031200000295-1,2019-09-22,청주상당경찰서
F2020031200000289-1,2019-09-11,청주상당경찰서
F2020022800000351-1,2019-08-01,서울유실물센터
F2020022800000307-1,2019-06-05,서울유실물센터
F2020022800000295-1,2019-06-15,서울유실물센터
F2020022800000293-1,2019-08-05,서울유실물센터
F2020022800000275-1,2019-06-23,서울유실물센터
F2020022600001404-1,2019-09-03,서울노원경찰서
F2020022600001380-1,2019-07-21,서울노원경찰서
F2020022500001384-1,2019-08-18,서울유실물센터
F2020022500001196-1,2019-09-21,서울유실물센터
F2020022400002028-1,2019-06-08,서울유실물센터
F2020022100002238-1,2019-09-30,서울용산경찰서
F2020022000000238-1,2019-07-12,부산유실물센터
F2020022000000043-1,2019-07-01,핸드폰찾기콜센터
F2020022000000054-1,2019-07-01,서울용산경찰서
F2020021800000979-1,2019-08-17,핸드폰찾기콜센터
F2020021700001486-1,2019-08-01,원주경찰서
F2020021500001409-1,2019-06-01,시흥경찰서
F2020021400004385-1,2019-09-29,청주흥덕경찰서
F2020021400004375-1,2019-07-22,청주흥덕경찰서
F2020021400004371-1,2019-09-14,청주흥덕경찰서
F2020021400001071-1,2019-06-01,의정부경찰서
F2020021300000600-1,2019-08-26,포항북부경찰서
F2020021000000330-1,2019-09-21,홍천경찰서
F2020021000000328-1,2019-09-08,홍천경찰서
F2020020900001706-1,2019-09-02,서울중랑경찰서
F2020020700002377-1,2019-06-01,서울중랑경찰서
F2020020700002371-1,2019-06-01,서울중랑경찰서
F2020020700002351-1,2019-06-01,서울중랑경찰서
F2020020700002351-4,2019-06-01,서울중랑경찰서
F2020020700002351-3,2019-06-01,서울중랑경찰서
F2020020700002351-7,2019-06-01,서울중랑경찰서
F2020020700002351-2,2019-06-01,서울중랑경찰서
F2020020700002351-5,2019-06-01,서울중랑경찰서
F2020020700002351-6,2019-06-01,서울중랑경찰서
F2020020500002319-1,2019-08-04,서울유실물센터
F2020020500002295-1,2019-09-01,서울유실물센터
F2020020500002247-1,2019-09-01,서울유실물센터
F2020020500002215-1,2019-09-02,서울유실물센터
F2020020500002211-1,2019-09-04,서울유실물센터
F2020020500002193-1,2019-09-04,서울유실물센터
F2020020500002187-1,2019-09-04,서울유실물센터
F2020020500002167-1,2019-09-08,핸드폰찾기콜센터
F2020020500002115-1,2019-09-09,서울유실물센터
F2020020500001973-1,2019-09-14,서울유실물센터
F2020020500001961-1,2019-09-16,서울유실물센터
F2020020500001959-1,2019-09-15,서울유실물센터
F2020020500001947-1,2019-09-17,서울유실물센터
F2020020500001929-1,2019-09-18,서울유실물센터
F2020020500001927-1,2019-09-18,서울유실물센터
F2020020500001915-1,2019-09-19,서울유실물센터
F2020020500001897-1,2019-09-19,서울유실물센터
F2020020500001749-1,2019-09-21,서울유실물센터
F2020020500001719-1,2019-09-22,서울유실물센터
F2020020500001677-1,2019-09-22,서울유실물센터
F2020020500001595-1,2019-09-22,서울유실물센터
F2020020500001557-1,2019-09-28,서울유실물센터
F2020020500001055-1,2019-09-28,서울유실물센터
F2020020500000973-1,2019-09-29,서울유실물센터
F2020020400002674-1,2019-08-04,서울유실물센터
F2020020400002654-1,2019-08-04,서울유실물센터
F2020020400002546-1,2019-08-06,서울유실물센터
F2020020400002528-1,2019-08-06,서울유실물센터
F2020020400002518-1,2019-08-08,서울유실물센터
F2020020400002504-1,2019-08-08,서울유실물센터
F2020020400002492-1,2019-08-09,서울유실물센터
F2020020400002472-1,2019-08-10,서울유실물센터
F2020020400002456-1,2019-08-13,서울유실물센터
F2020020400002442-1,2019-08-13,서울유실물센터
F2020020400001548-1,2019-08-15,서울유실물센터
F2020020400001422-1,2019-08-16,서울유실물센터
F2020020400001404-1,2019-08-18,서울유실물센터
F2020020400001396-1,2019-08-22,서울유실물센터
F2020020400001380-1,2019-08-23,서울유실물센터
F2020020400001304-1,2019-08-24,서울유실물센터
F2020020400001290-1,2019-08-24,서울유실물센터
F2020020400001184-1,2019-08-24,서울유실물센터
F2020020400000914-1,2019-08-25,서울유실물센터
F2020020400000874-1,2019-08-25,서울유실물센터
F2020020400000866-1,2019-08-27,서울유실물센터
F2020020400000826-1,2019-08-30,서울유실물센터
F2020020300002649-1,2019-07-10,핸드폰찾기콜센터
F2020020300000864-1,2019-09-22,부산유실물센터
F2020013000001793-1,2019-09-23,서울유실물센터
F2020012900000866-1,2019-08-03,청주흥덕경찰서
F2020012900000263-1,2019-06-06,서울남대문경찰서
F2020012600001090-1,2019-07-04,아산경찰서
F2020012300002080-1,2019-07-01,서울유실물센터
F2020012300002074-1,2019-07-01,서울유실물센터
F2020012200000583-1,2019-06-03,양산경찰서
F2020012200000547-1,2019-06-15,양산경찰서
F2020012200000545-1,2019-06-15,양산경찰서
F2020012200000535-1,2019-07-01,양산경찰서
F2020012200000533-1,2019-07-01,양산경찰서
F2020012200000531-1,2019-07-11,양산경찰서
F2020012200000529-1,2019-07-11,양산경찰서
F2020012200000527-1,2019-07-16,양산경찰서
F2020012200000513-1,2019-07-17,양산경찰서
F2020012200000511-1,2019-07-23,양산경찰서
F2020012200000509-1,2019-07-24,양산경찰서
F2020012200000507-1,2019-07-24,양산경찰서
F2020012200000489-1,2019-07-30,양산경찰서
F2020012200000487-1,2019-07-31,양산경찰서
F2020012200000485-1,2019-08-05,양산경찰서
F2020012200000483-1,2019-08-07,양산경찰서
F2020012200000479-1,2019-08-19,양산경찰서
F2020012200000477-1,2019-08-26,양산경찰서
F2020012200000475-1,2019-09-10,양산경찰서
F2020012200000354-1,2019-08-01,핸드폰찾기콜센터
F2020012100000822-1,2019-07-17,대전둔산경찰서
F2020012000001955-1,2019-09-18,진해경찰서
F2020012000001937-1,2019-08-31,진해경찰서
F2020012000001289-1,2019-08-28,서울유실물센터
F2020011800000521-1,2019-09-16,서울도봉경찰서
F2020011700001583-1,2019-09-12,서울관악경찰서
F2020011700001581-1,2019-08-08,서울관악경찰서
F2020011700001529-1,2019-08-05,서울유실물센터
F2020011700001525-1,2019-06-14,서울유실물센터
F2020011700001495-1,2019-09-15,서울유실물센터
F2020011700001457-1,2019-09-07,서울유실물센터
F2020011700000719-1,2019-06-06,서울관악경찰서
F2020011700000691-1,2019-09-19,서울관악경찰서
F2020011700000637-1,2019-06-15,서울관악경찰서
F2020011600002092-1,2019-07-15,일산서부경찰서
F2020011600002084-1,2019-07-15,일산서부경찰서
F2020011600002082-1,2019-09-20,일산서부경찰서
F2020011600002010-1,2019-08-10,핸드폰찾기콜센터
F2020011600001996-1,2019-06-23,일산서부경찰서
F2020011600001992-1,2019-06-05,일산서부경찰서
F2020011600001545-1,2019-09-23,서울서초경찰서
F2020011600001345-1,2019-09-22,핸드폰찾기콜센터
F2020011600001259-1,2019-09-10,핸드폰찾기콜센터
F2020011600001133-1,2019-08-18,서울유실물센터
F2020011600000071-1,2019-09-01,울산동부경찰서
F2020011500002573-1,2019-09-18,핸드폰찾기콜센터
F2020011500002457-1,2019-08-15,핸드폰찾기콜센터
F2020011500002337-1,2019-08-11,핸드폰찾기콜센터
F2020011500002299-1,2019-08-03,서울서초경찰서
F2020011400001183-1,2019-09-29,정선경찰서
F2020011300002716-1,2019-07-01,대구수성경찰서
F2020011100000961-1,2019-09-01,부천원미경찰서
F2020011100000059-1,2019-07-09,핸드폰찾기콜센터
F2020011100000012-1,2019-08-26,양산경찰서
F2020011100000010-1,2019-08-20,양산경찰서
F2020011100000008-1,2019-07-24,양산경찰서
F2020011100000002-1,2019-07-24,양산경찰서
F2020011000003572-1,2019-07-22,양산경찰서
F2020011000003552-1,2019-07-18,양산경찰서
F2020011000003544-1,2019-07-16,양산경찰서
F2020011000003538-1,2019-07-16,양산경찰서
F2020011000003536-1,2019-07-11,양산경찰서
F2020011000003530-1,2019-07-11,양산경찰서
F2020011000003528-1,2019-07-06,양산경찰서
F2020011000003520-1,2019-06-17,양산경찰서
F2020011000003516-1,2019-06-14,양산경찰서
F2020011000003496-1,2019-06-25,양산경찰서
F2020011000003488-1,2019-06-19,양산경찰서
F2020011000002179-1,2019-08-24,핸드폰찾기콜센터
F2020010700001799-1,2019-06-21,핸드폰찾기콜센터
F2020010700001429-1,2019-07-02,인천유실물센터
F2020010700001119-1,2019-08-10,양평경찰서
F2020010700000999-1,2019-09-30,양평경찰서
F2020010700000929-1,2019-08-30,양평경찰서
F2020010700000899-1,2019-07-31,양평경찰서
F2020010700000885-1,2019-08-06,양평경찰서
F2020010700000871-1,2019-08-08,양평경찰서
F2020010700000865-1,2019-08-02,양평경찰서
F2020010700000839-1,2019-07-30,양평경찰서
F2020010300001243-1,2019-07-22,대전동부경찰서
F2020010300001235-1,2019-08-16,대전동부경찰서
F2020010300001209-1,2019-06-18,대전동부경찰서
F2020010200002928-1,2019-06-23,서울유실물센터
F2020010200002688-2,2019-06-24,서울성북경찰서
F2020010200002392-1,2019-09-26,삼척경찰서
F2020010200002234-1,2019-08-06,삼척경찰서
F2020010200002216-1,2019-09-16,삼척경찰서
F2020010200002038-2,2019-08-13,삼척경찰서
F2020010200002012-1,2019-08-29,핸드폰찾기콜센터
F2019123100002516-1,2019-08-27,서울중랑경찰서
F2019123100002516-2,2019-08-27,서울중랑경찰서
F2019123100002516-3,2019-08-27,서울중랑경찰서
F2019123100002502-1,2019-08-01,서울중랑경찰서
F2019123100001005-1,2019-09-06,부천원미경찰서
F2019123100000995-1,2019-09-20,부천원미경찰서
F2019123000003070-2,2019-06-01,대전대덕경찰서
F2019123000001810-1,2019-06-08,울산중부경찰서
F2019122400002734-1,2019-09-29,부산유실물센터
F2019122400002724-1,2019-09-29,부산유실물센터
F2019122400002714-1,2019-09-21,부산유실물센터
F2019122400002706-1,2019-09-25,부산유실물센터
F2019122400002686-1,2019-09-15,부산유실물센터
F2019122400002682-1,2019-09-15,부산유실물센터
F2019122400002676-1,2019-09-05,부산유실물센터
F2019122400002648-1,2019-08-25,부산유실물센터
F2019122400002634-1,2019-08-27,부산유실물센터
F2019122400002626-1,2019-08-26,부산유실물센터
F2019122400002624-1,2019-08-19,부산유실물센터
F2019122400002608-1,2019-08-10,부산유실물센터
F2019122400002572-1,2019-08-04,부산유실물센터
F2019122400002570-1,2019-08-04,부산유실물센터
F2019122400001980-1,2019-07-24,부산유실물센터
F2019122400001397-1,2019-08-11,부산유실물센터
F2019122400001389-1,2019-07-21,부산유실물센터
F2019122400001385-1,2019-09-27,핸드폰찾기콜센터
F2019122400001377-1,2019-09-13,핸드폰찾기콜센터
F2019122400001369-1,2019-09-13,핸드폰찾기콜센터
F2019122400001872-1,2019-09-08,순천경찰서
F2019122300000687-1,2019-09-22,분당경찰서
F2019122300000685-1,2019-09-14,분당경찰서
F2019122000001673-1,2019-09-15,부천원미경찰서
F2019122000001667-1,2019-09-15,부천원미경찰서
F2019121900002550-1,2019-07-12,서울강서경찰서
F2019121900002538-1,2019-07-12,서울강서경찰서
F2019121900002522-1,2019-07-12,서울강서경찰서
F2019121900002486-1,2019-07-12,서울강서경찰서
F2019121900002462-1,2019-07-12,서울강서경찰서
F2019121900002420-1,2019-07-12,서울강서경찰서
F2019121900002322-1,2019-07-12,서울강서경찰서
F2019121900002274-1,2019-07-12,서울강서경찰서
F2019121900002232-1,2019-07-12,서울강서경찰서
F2019121900002176-1,2019-07-12,서울강서경찰서
F2019121900002138-1,2019-07-12,서울강서경찰서
F2019121900002074-1,2019-07-12,서울강서경찰서
F2019121900002042-1,2019-07-12,서울강서경찰서
F2019121900001730-1,2019-07-12,서울강서경찰서
F2019121900001306-1,2019-07-12,서울강서경찰서
F2019121900001294-1,2019-07-12,서울강서경찰서
F2019121900001280-1,2019-07-12,서울강서경찰서
F2019121900001112-1,2019-07-12,서울강서경찰서
F2019121900001092-1,2019-07-12,서울강서경찰서
F2019121900001054-1,2019-07-12,서울강서경찰서
F2019121900001044-1,2019-07-12,서울강서경찰서
F2019121900000790-1,2019-07-12,서울강서경찰서
F2019121900000734-1,2019-07-12,서울강서경찰서
F2019121900000718-1,2019-07-12,서울강서경찰서
F2019121900000654-1,2019-07-12,서울강서경찰서
F2019121900000616-1,2019-07-12,서울강서경찰서
F2019121900000552-1,2019-07-12,서울강서경찰서
F2019121900000538-1,2019-07-12,서울강서경찰서
F2019121900000488-1,2019-07-12,서울강서경찰서
F2019121900000482-1,2019-07-12,서울강서경찰서
F2019121900000476-1,2019-07-12,서울강서경찰서
F2019121900000460-1,2019-07-12,서울강서경찰서
F2019121900000440-1,2019-07-12,서울강서경찰서
F2019121900000432-1,2019-07-12,서울강서경찰서
F2019121900000424-1,2019-07-12,서울강서경찰서
F2019121900000382-1,2019-07-12,서울강서경찰서
F2019121900000364-1,2019-07-12,서울강서경찰서
F2019121800002460-1,2019-07-12,서울강서경찰서
F2019121800002436-1,2019-07-12,서울강서경찰서
F2019121800002298-1,2019-07-12,서울강서경찰서
F2019121800002262-1,2019-07-12,서울강서경찰서
F2019121800002250-1,2019-07-12,서울강서경찰서
F2019121800002242-1,2019-07-12,서울강서경찰서
F2019121800002122-1,2019-07-12,서울강서경찰서
F2019121800001870-1,2019-07-12,서울강서경찰서
F2019121800001296-1,2019-06-09,서울유실물센터
F2019121700001896-1,2019-07-12,서울강서경찰서
F2019121700001868-1,2019-07-12,서울강서경찰서
F2019121700001838-1,2019-07-12,서울강서경찰서
F2019121700001824-1,2019-07-12,서울강서경찰서
F2019121700001776-1,2019-07-12,서울강서경찰서
F2019121700001768-1,2019-07-12,서울강서경찰서
F2019121700001748-1,2019-07-12,서울강서경찰서
F2019121700001167-1,2019-08-11,핸드폰찾기콜센터
F2019121700001157-1,2019-07-02,거제경찰서
F2019121600002887-1,2019-09-20,서울남대문경찰서
F2019121600002023-1,2019-07-10,동해경찰서
F2019121600001957-1,2019-07-14,동해경찰서
F2019121600001933-1,2019-07-27,동해경찰서
F2019121600001897-1,2019-08-01,동해경찰서
F2019121600001875-1,2019-08-09,동해경찰서
F2019121600001857-1,2019-08-31,동해경찰서
F2019121600001309-1,2019-09-28,동해경찰서
F2019121600001293-1,2019-09-29,동해경찰서
F2019121600001316-1,2019-08-10,구미경찰서
F2019121600001268-1,2019-09-06,구미경찰서
F2019121600001260-1,2019-08-12,구미경찰서
F2019121600001254-1,2019-08-10,구미경찰서
F2019121600001238-1,2019-08-07,구미경찰서
F2019121600000802-1,2019-08-05,전주덕진경찰서
F2019121400000735-1,2019-09-01,부산유실물센터
F2019121300002339-1,2019-09-11,핸드폰찾기콜센터
F2019121300002247-1,2019-09-07,부산유실물센터
F2019121200002653-1,2019-08-05,핸드폰찾기콜센터
F2019121200002608-1,2019-09-08,양평경찰서
F2019121100000527-1,2019-08-13,구리경찰서
F2019121100000465-1,2019-09-06,구리경찰서
F2019121100000457-1,2019-07-20,구리경찰서
F2019121100000447-1,2019-07-02,구리경찰서
F2019121000002461-1,2019-08-08,핸드폰찾기콜센터
F2019121000001278-1,2019-06-01,전주덕진경찰서
F2019120900002948-1,2019-09-02,서울중랑경찰서
F2019120900002932-1,2019-09-22,핸드폰찾기콜센터
F2019120900002926-1,2019-09-14,서울유실물센터
F2019120600000219-1,2019-08-26,제주자치경찰단
F2019120600000217-1,2019-09-14,핸드폰찾기콜센터
F2019120600000215-1,2019-07-04,제주자치경찰단
F2019120600000175-1,2019-09-22,안양만안경찰서
F2019120600000173-1,2019-09-22,안양만안경찰서
F2019120500002248-1,2019-08-15,대전둔산경찰서
F2019120500000805-1,2019-09-10,일산동부경찰서
F2019120500000785-1,2019-09-06,일산동부경찰서
F2019120500000761-1,2019-09-30,일산동부경찰서
F2019120500000641-1,2019-09-28,일산동부경찰서
F2019120500000621-2,2019-09-19,일산동부경찰서
F2019120500000621-1,2019-09-19,일산동부경찰서
F2019120500000621-3,2019-09-19,일산동부경찰서
F2019120500000487-1,2019-09-07,일산동부경찰서
F2019120500000443-1,2019-09-28,일산동부경찰서
F2019120400003701-1,2019-09-25,핸드폰찾기콜센터
F2019120400002501-1,2019-07-09,사북파출소
F2019120400002317-1,2019-09-04,용인서부경찰서
F2019120400002315-1,2019-09-08,용인서부경찰서
F2019120400002313-1,2019-09-09,용인서부경찰서
F2019120400002311-1,2019-09-09,용인서부경찰서
F2019120400002309-1,2019-09-18,용인서부경찰서
F2019120400002307-1,2019-09-03,용인서부경찰서
F2019120400002305-1,2019-09-13,용인서부경찰서
F2019120400002303-1,2019-09-18,용인서부경찰서
F2019120400002301-1,2019-09-29,용인서부경찰서
F2019120400002299-1,2019-09-11,용인서부경찰서
F2019120400002297-1,2019-09-29,용인서부경찰서
F2019120400002295-1,2019-09-28,용인서부경찰서
F2019120400002293-1,2019-09-07,용인서부경찰서
F2019120400002291-1,2019-09-08,용인서부경찰서
F2019120400002289-1,2019-09-12,용인서부경찰서
F2019120400002287-1,2019-09-28,용인서부경찰서
F2019120400002285-1,2019-09-26,용인서부경찰서
F2019120400002283-1,2019-09-10,용인서부경찰서
F2019120400002281-1,2019-09-25,용인서부경찰서
F2019120400002279-1,2019-09-30,용인서부경찰서
F2019120400002277-1,2019-09-07,용인서부경찰서
F2019120400002275-1,2019-09-24,용인서부경찰서
F2019120400002273-1,2019-09-07,용인서부경찰서
F2019120400002271-1,2019-09-24,용인서부경찰서
F2019120400002269-1,2019-09-18,용인서부경찰서
F2019120400002267-1,2019-09-18,용인서부경찰서
F2019120400002265-1,2019-09-18,용인서부경찰서
F2019120400002263-1,2019-09-12,용인서부경찰서
F2019120400002261-1,2019-09-20,용인서부경찰서
F2019120400002259-1,2019-09-04,용인서부경찰서
F2019120400002257-1,2019-09-12,용인서부경찰서
F2019120400002255-1,2019-09-12,용인서부경찰서
F2019120400002253-1,2019-09-12,용인서부경찰서
F2019120400002251-1,2019-09-03,용인서부경찰서
F2019120400002249-1,2019-09-06,용인서부경찰서
F2019120400002247-1,2019-09-15,용인서부경찰서
F2019120400002245-1,2019-09-15,용인서부경찰서
F2019120400002243-1,2019-09-23,용인서부경찰서
F2019120400002241-1,2019-09-01,용인서부경찰서
F2019120400002239-1,2019-09-26,용인서부경찰서
F2019120400002237-1,2019-09-18,용인서부경찰서
F2019120400002235-1,2019-09-12,용인서부경찰서
F2019120400002233-1,2019-09-24,용인서부경찰서
F2019120400002229-1,2019-09-04,용인서부경찰서
F2019120400002227-1,2019-09-09,용인서부경찰서
F2019120400002225-1,2019-09-10,용인서부경찰서
F2019120400002223-1,2019-09-10,용인서부경찰서
F2019120400002221-1,2019-09-11,용인서부경찰서
F2019120400002219-1,2019-09-17,핸드폰찾기콜센터
F2019120400002217-1,2019-09-18,용인서부경찰서
F2019120400002215-1,2019-09-23,용인서부경찰서
F2019120400002213-1,2019-09-25,용인서부경찰서
F2019120400002211-1,2019-09-26,용인서부경찰서
F2019120400002209-1,2019-09-27,용인서부경찰서
F2019120400002207-1,2019-09-30,용인서부경찰서
F2019120400002205-1,2019-08-31,용인서부경찰서
F2019120400002203-1,2019-08-31,핸드폰찾기콜센터
F2019120300000203-1,2019-09-27,안양만안경찰서
F2019120300000201-1,2019-09-22,안양만안경찰서
F2019120300000199-1,2019-09-22,안양만안경찰서
F2019120300000197-1,2019-09-22,안양만안경찰서
F2019120300000195-1,2019-09-22,안양만안경찰서
F2019120300000193-1,2019-09-22,안양만안경찰서
F2019120300000191-1,2019-09-22,핸드폰찾기콜센터
F2019120300000189-1,2019-09-21,안양만안경찰서
F2019120300000187-1,2019-09-21,안양만안경찰서
F2019120300000185-1,2019-09-17,안양만안경찰서
F2019120300000181-1,2019-09-14,안양만안경찰서
F2019120300000179-1,2019-09-11,안양만안경찰서
F2019120300000175-1,2019-09-05,안양만안경찰서
F2019120300000173-1,2019-09-15,안양만안경찰서
F2019120200003030-1,2019-09-02,안양만안경찰서
F2019120200003028-1,2019-09-22,안양만안경찰서
F2019120200003026-1,2019-09-15,안양만안경찰서
F2019120200003020-1,2019-09-17,안양지구대
F2019120200003018-1,2019-09-14,안양만안경찰서
F2019120200003016-1,2019-09-14,안양만안경찰서
F2019120200003008-1,2019-09-04,안양만안경찰서
F2019120200003002-1,2019-09-22,안양만안경찰서
F2019120200002994-1,2019-09-28,안양만안경찰서
F2019120200002990-1,2019-09-17,안양만안경찰서
F2019120200002984-1,2019-09-14,안양만안경찰서
F2019120200002976-1,2019-09-04,안양만안경찰서
F2019120200002974-1,2019-09-20,안양만안경찰서
F2019120200002962-1,2019-09-15,안양만안경찰서
F2019120200002958-1,2019-09-22,안양만안경찰서
F2019120200002956-1,2019-09-22,안양만안경찰서
F2019120200002952-1,2019-09-29,안양만안경찰서
F2019120200002942-1,2019-09-23,안양만안경찰서
F2019120200002938-1,2019-09-23,안양만안경찰서
F2019120200000460-1,2019-08-20,서울유실물센터
F2019120200000458-1,2019-08-21,서울유실물센터
F2019113000001273-1,2019-09-25,평택경찰서
F2019112900001630-1,2019-06-01,서울유실물센터
F2019112900000985-1,2019-09-30,서울유실물센터
F2019112900000969-1,2019-09-26,서울유실물센터
F2019112900001004-1,2019-09-01,일산동부경찰서
F2019112900000556-1,2019-09-15,안양만안경찰서
F2019112900000538-1,2019-09-23,안양만안경찰서
F2019112900000536-1,2019-09-23,안양만안경찰서
F2019112900000534-1,2019-09-22,안양만안경찰서
F2019112900000532-1,2019-09-22,안양만안경찰서
F2019112900000530-1,2019-09-22,안양만안경찰서
F2019112900000528-1,2019-09-22,안양만안경찰서
F2019112900000526-1,2019-09-21,안양만안경찰서
F2019112900000504-1,2019-09-21,안양만안경찰서
F2019112900000502-1,2019-09-21,안양만안경찰서
F2019112900000498-1,2019-09-18,안양만안경찰서
F2019112900000496-1,2019-09-15,안양만안경찰서
F2019112900000494-1,2019-09-15,안양만안경찰서
F2019112900000492-1,2019-09-15,안양만안경찰서
F2019112900000488-1,2019-09-15,안양만안경찰서
F2019112800002202-1,2019-09-01,핸드폰찾기콜센터
V0003594E11280026-1,2019-09-27,엔터식스패션쇼핑몰(안양점)
V0003594E11280020-1,2019-09-22,엔터식스패션쇼핑몰(안양점)
V0003594E11280018-1,2019-09-22,엔터식스패션쇼핑몰(안양점)
V0003594E11270004-1,2019-09-22,엔터식스패션쇼핑몰(안양점)
F2019112600003059-1,2019-09-12,핸드폰찾기콜센터
F2019112600003053-1,2019-09-30,핸드폰찾기콜센터
F2019112600002771-1,2019-09-28,인천연수경찰서
F2019112500001548-1,2019-09-26,김해국제공항경찰대
F2019112500001546-1,2019-09-24,김해국제공항경찰대
F2019112500001540-1,2019-09-24,부산유실물센터
F2019112500001292-1,2019-09-19,밀양경찰서
F2019112500001288-1,2019-08-23,밀양경찰서
F2019112500001262-1,2019-07-23,밀양경찰서
F2019112500001258-1,2019-09-13,밀양경찰서
F2019112500001254-1,2019-08-19,밀양경찰서
F2019112500001248-1,2019-08-10,밀양경찰서
F2019112500001240-1,2019-09-02,밀양경찰서
F2019112500001226-1,2019-08-04,밀양경찰서
F2019112500001216-1,2019-08-10,밀양경찰서
F2019112500001206-1,2019-08-20,밀양경찰서
F2019112500001204-1,2019-08-31,밀양경찰서
F2019112500001196-1,2019-09-16,밀양경찰서
F2019112500001190-1,2019-07-13,밀양경찰서
F2019112500001174-1,2019-09-05,밀양경찰서
F2019112500001158-1,2019-07-09,밀양경찰서
F2019112500001150-1,2019-08-15,밀양경찰서
F2019112500001132-1,2019-07-22,밀양경찰서
F2019112500001118-1,2019-09-29,밀양경찰서
F2019112500001110-1,2019-08-15,밀양경찰서
F2019112500001064-1,2019-06-24,밀양경찰서
F2019112500001183-1,2019-07-22,밀양경찰서
F2019112500001177-1,2019-08-15,밀양경찰서
F2019112500000842-1,2019-08-25,서울유실물센터
F2019112500000965-1,2019-08-21,밀양경찰서
F2019112500000939-1,2019-08-15,밀양경찰서
F2019112500000873-1,2019-06-03,밀양경찰서
F2019112500000853-1,2019-07-09,밀양경찰서
F2019112500000789-1,2019-08-22,밀양경찰서
F2019112500000494-1,2019-09-15,서울수서경찰서
F2019112500000492-1,2019-09-25,서울수서경찰서
F2019112500000490-1,2019-09-26,서울수서경찰서
V0003594E11240012-1,2019-09-13,엔터식스패션쇼핑몰(안양점)
F2019112300000740-1,2019-09-23,서울서초경찰서
F2019112200002474-1,2019-09-15,인천연수경찰서
F2019112200002352-1,2019-09-18,인천연수경찰서
F2019112200002308-1,2019-09-02,인천연수경찰서
F2019112200002215-1,2019-09-07,대전대덕경찰서
F2019112200001738-1,2019-09-17,포항북부경찰서
F2019112200001732-1,2019-09-14,포항북부경찰서
F2019112200001722-1,2019-09-06,포항북부경찰서
F2019112200001710-1,2019-09-17,포항북부경찰서
F2019112200001630-1,2019-09-01,포항북부경찰서
F2019112200001602-1,2019-09-27,포항북부경찰서
F2019112200001600-1,2019-09-27,포항북부경찰서
F2019112200001596-1,2019-09-08,포항북부경찰서
F2019112200001584-1,2019-09-24,포항북부경찰서
F2019112200001576-1,2019-09-08,포항북부경찰서
F2019112200001572-1,2019-09-06,포항북부경찰서
F2019112200001570-1,2019-09-15,포항북부경찰서
F2019112200001568-1,2019-09-14,포항북부경찰서
F2019112200001544-1,2019-09-06,포항북부경찰서
F2019112200001540-1,2019-09-25,포항북부경찰서
F2019112200001536-1,2019-09-28,포항북부경찰서
F2019112200001532-1,2019-09-09,포항북부경찰서
F2019112200001528-1,2019-09-02,포항북부경찰서
F2019112200001520-1,2019-08-13,포항북부경찰서
F2019112200001518-1,2019-08-23,포항북부경찰서
F2019112200001516-1,2019-08-16,포항북부경찰서
F2019112200001510-1,2019-08-04,포항북부경찰서
F2019112200001322-1,2019-08-17,포항북부경찰서
F2019112200001318-1,2019-08-03,포항북부경찰서
F2019112200000962-1,2019-08-09,포항북부경찰서
F2019112200000960-1,2019-08-21,포항북부경찰서
F2019112200000944-1,2019-08-30,포항북부경찰서
F2019112200000922-1,2019-08-18,포항북부경찰서
F2019112200000920-1,2019-08-06,포항북부경찰서
F2019112200000894-1,2019-08-28,포항북부경찰서
F2019112200000890-1,2019-08-07,포항북부경찰서
F2019112200000730-1,2019-08-18,포항북부경찰서
F2019112200000726-1,2019-08-16,포항북부경찰서
F2019112200000696-1,2019-08-23,포항북부경찰서
F2019112200000692-1,2019-08-01,포항북부경찰서
F2019112200000686-1,2019-08-02,포항북부경찰서
F2019112200000887-1,2019-08-21,포항북부경찰서
F2019112200000881-1,2019-07-31,포항북부경찰서
F2019112200000879-1,2019-07-31,포항북부경찰서
F2019112200000877-1,2019-07-27,포항북부경찰서
F2019112200000875-1,2019-07-21,포항북부경찰서
F2019112200000867-1,2019-07-22,포항북부경찰서
F2019112200000863-1,2019-07-14,포항북부경찰서
F2019112200000861-1,2019-07-14,포항북부경찰서
F2019112200000855-1,2019-07-06,포항북부경찰서
F2019112200000847-1,2019-07-23,포항북부경찰서
F2019112200000845-1,2019-07-12,포항북부경찰서
F2019112200000833-1,2019-07-26,포항북부경찰서
F2019112200000813-1,2019-07-05,포항북부경찰서
F2019112200000811-1,2019-07-05,포항북부경찰서
F2019112200000805-1,2019-07-02,포항북부경찰서
F2019112200000789-1,2019-07-02,포항북부경찰서
F2019112200000785-1,2019-07-02,포항북부경찰서
F2019112200000090-1,2019-09-23,핸드폰찾기콜센터
F2019112100001970-1,2019-09-15,핸드폰찾기콜센터
F2019112100001426-1,2019-09-26,서울유실물센터
F2019112000002668-1,2019-09-24,핸드폰찾기콜센터
F2019112000001394-1,2019-09-06,인천서부경찰서
F2019112000001384-1,2019-09-28,인천서부경찰서
F2019112000001376-1,2019-09-04,인천서부경찰서
F2019112000001344-1,2019-09-15,인천서부경찰서
F2019112000001316-1,2019-09-13,인천서부경찰서
F2019112000001294-1,2019-09-10,인천서부경찰서
F2019112000001174-1,2019-09-30,서울동작경찰서
F2019112000001122-1,2019-09-01,인천서부경찰서
F2019112000001104-1,2019-09-05,인천서부경찰서
F2019112000001092-2,2019-09-29,인천서부경찰서
F2019112000001092-1,2019-09-29,인천서부경찰서
F2019112000001002-2,2019-09-12,인천서부경찰서
F2019112000001002-1,2019-09-12,인천서부경찰서
F2019111900001485-1,2019-09-27,분당경찰서
F2019111900001481-1,2019-09-26,분당경찰서
F2019111900001479-1,2019-09-26,분당경찰서
F2019111900001477-1,2019-09-26,분당경찰서
F2019111900001469-1,2019-09-21,분당경찰서
F2019111900001465-1,2019-09-17,분당경찰서
F2019111900001463-1,2019-09-10,분당경찰서
F2019111900001461-1,2019-09-10,분당경찰서
F2019111900001455-1,2019-09-04,분당경찰서
F2019111900001145-2,2019-08-01,서울서대문경찰서
F2019111900001145-1,2019-08-01,서울서대문경찰서
F2019111800002573-1,2019-09-22,일산동부경찰서
F2019111800002557-1,2019-09-18,일산동부경찰서
F2019111800002165-1,2019-08-25,핸드폰찾기콜센터
F2019111600001880-1,2019-09-29,서울유실물센터
F2019111600001872-1,2019-09-29,서울서대문경찰서
F2019111600001868-1,2019-09-29,서울서대문경찰서
F2019111600001864-1,2019-09-29,서울서대문경찰서
F2019111600000915-1,2019-09-27,서귀포시자치경찰대
F2019111500002285-1,2019-07-27,서울유실물센터
F2019111500001077-1,2019-07-30,서울서초경찰서
F2019111500001065-1,2019-07-28,서울유실물센터
F2019111500000761-1,2019-07-14,서울유실물센터
F2019111500000703-1,2019-06-18,서울서초경찰서
V0002460E11150006-1,2019-06-20,주오스트리아대사관
V0002460E11150004-1,2019-07-01,주오스트리아대사관
F2019111400002940-1,2019-08-26,부천소사경찰서
F2019111400002485-1,2019-09-28,서울유실물센터
F2019111400002481-1,2019-09-29,서울유실물센터
F2019111400002694-1,2019-09-02,인천서부경찰서
F2019111400002686-2,2019-09-08,인천서부경찰서
F2019111400002686-1,2019-09-08,인천서부경찰서
F2019111400002380-1,2019-09-15,핸드폰찾기콜센터
F2019111400002374-1,2019-09-25,핸드폰찾기콜센터
F2019111400002366-1,2019-09-16,핸드폰찾기콜센터
F2019111400002366-2,2019-09-16,인천서부경찰서
F2019111400002352-1,2019-09-13,핸드폰찾기콜센터
F2019111400002348-1,2019-09-13,핸드폰찾기콜센터
F2019111400002342-1,2019-09-15,핸드폰찾기콜센터
F2019111400002302-1,2019-09-15,핸드폰찾기콜센터
F2019111400002286-1,2019-09-05,핸드폰찾기콜센터
F2019111400001723-1,2019-06-15,대전둔산경찰서
F2019111400001723-2,2019-06-15,대전둔산경찰서
F2019111400001723-3,2019-06-15,대전둔산경찰서
F2019111400000326-1,2019-06-21,제주자치경찰단
F2019111400000322-1,2019-09-30,제주자치경찰단
F2019111300003023-3,2019-09-26,대전둔산경찰서
F2019111300003023-2,2019-09-26,대전둔산경찰서
F2019111300003023-5,2019-09-26,대전둔산경찰서
F2019111300003023-4,2019-09-26,대전둔산경찰서
F2019111300003023-1,2019-09-26,대전둔산경찰서
F2019111300002100-1,2019-09-01,안산단원경찰서
F2019111300002096-1,2019-09-05,안산단원경찰서
F2019111200001752-1,2019-09-21,광주남부경찰서
F2019111200001750-1,2019-09-21,광주남부경찰서
F2019111200001738-1,2019-09-24,광주남부경찰서
F2019111200001736-1,2019-09-24,광주남부경찰서
F2019111200001722-1,2019-09-27,광주남부경찰서
F2019111200001718-1,2019-09-30,광주남부경찰서
F2019111100003339-1,2019-08-10,양주경찰서
F2019111100003241-1,2019-08-01,핸드폰찾기콜센터
F2019111100002251-1,2019-08-16,광주서부경찰서
F2019111100002209-1,2019-08-29,광주서부경찰서
F2019111100002203-1,2019-08-29,광주서부경찰서
F2019111100002187-1,2019-09-15,광주서부경찰서
F2019111100001545-1,2019-09-06,천안동남경찰서
F2019111100001543-1,2019-09-30,천안동남경찰서
F2019111100001533-1,2019-09-30,핸드폰찾기콜센터
F2019111100001112-1,2019-09-06,사천경찰서
F2019111100000910-1,2019-08-01,사천경찰서
F2019111100000376-1,2019-08-01,서울유실물센터
F2019111000000454-1,2019-09-13,제주자치경찰단
F2019110800001073-1,2019-07-15,화성동탄경찰서
F2019110800001073-3,2019-07-15,화성동탄경찰서
F2019110800001073-2,2019-07-15,화성동탄경찰서
F2019110800000629-1,2019-09-26,서울은평경찰서
F2019110800000629-2,2019-09-26,서울유실물센터
F2019110700003108-1,2019-09-22,서울종암경찰서
F2019110700002916-1,2019-09-28,서울유실물센터
