F2020042200001203-1,2019-11-22,구미경찰서
F2020042000002381-1,2019-11-05,인천남동경찰서
F2020042000002375-1,2019-11-20,인천남동경찰서
F2020042000002331-1,2019-11-14,인천남동경찰서
F2020041400001611-1,2019-11-11,서울노원경찰서
F2020041300001197-1,2019-11-11,동두천경찰서
F2020040900003016-1,2019-11-08,대전중부경찰서
F2020040600001429-1,2019-11-19,부천원미경찰서
V0001896F03270026-1,2019-11-06,대구운불련
F2020032300000887-1,2019-11-04,서울광진경찰서
F2020031900000442-1,2019-11-21,김천경찰서
F2020031900000208-1,2019-11-23,서울유실물센터
F2020031900000204-1,2019-11-15,서울서초경찰서
F2020031800001966-1,2019-11-09,서울유실물센터
F2020031800001938-1,2019-11-06,핸드폰찾기콜센터
F2020030900001430-1,2019-11-09,울산중부경찰서
F2020030900001161-1,2019-11-06,수원서부경찰서
F2020030900001159-1,2019-11-06,수원서부경찰서
F2020030900001157-1,2019-11-06,수원서부경찰서
F2020030900001155-1,2019-11-09,수원서부경찰서
F2020030900001153-1,2019-11-09,수원서부경찰서
F2020030900001151-1,2019-11-09,수원서부경찰서
F2020030900001149-1,2019-11-10,수원서부경찰서
F2020030900001147-1,2019-11-10,수원서부경찰서
F2020030900001145-1,2019-11-11,수원서부경찰서
F2020030900001143-1,2019-11-14,수원서부경찰서
F2020030900001141-1,2019-11-14,수원서부경찰서
F2020030900001139-1,2019-11-15,수원서부경찰서
F2020030900001137-1,2019-11-16,수원서부경찰서
F2020030900001135-1,2019-11-17,수원서부경찰서
F2020030900001133-1,2019-11-18,수원서부경찰서
F2020030900001131-1,2019-11-18,수원서부경찰서
F2020030900001129-1,2019-11-18,수원서부경찰서
F2020030900001127-1,2019-11-18,수원서부경찰서
F2020030900001125-1,2019-11-20,수원서부경찰서
F2020030400002005-1,2019-11-13,전주덕진경찰서
F2020030400001983-1,2019-11-14,전주덕진경찰서
F2020030400001933-1,2019-11-07,핸드폰찾기콜센터
F2020030200001698-1,2019-11-13,김천경찰서
F2020030200000631-1,2019-11-04,천안동남경찰서
F2020030200000617-1,2019-11-14,천안동남경찰서
F2020030200000601-1,2019-11-20,천안동남경찰서
F2020030200000581-1,2019-11-03,천안동남경찰서
F2020030200000579-1,2019-11-03,천안동남경찰서
F2020030200000577-1,2019-11-04,천안동남경찰서
F2020030200000575-1,2019-11-04,천안동남경찰서
F2020030200000571-1,2019-11-04,천안동남경찰서
F2020030200000569-1,2019-11-04,천안동남경찰서
F2020030200000567-1,2019-11-04,천안동남경찰서
F2020030200000563-1,2019-11-06,천안동남경찰서
F2020030200000561-1,2019-11-06,천안동남경찰서
F2020030200000559-1,2019-11-06,천안동남경찰서
F2020030200000555-1,2019-11-06,천안동남경찰서
F2020030200000553-1,2019-11-07,천안동남경찰서
F2020030200000551-1,2019-11-07,천안동남경찰서
F2020030200000549-1,2019-11-07,천안동남경찰서
F2020030200000547-1,2019-11-08,천안동남경찰서
F2020030200000545-1,2019-11-08,천안동남경찰서
F2020030200000543-1,2019-11-08,천안동남경찰서
F2020030200000541-1,2019-11-08,천안동남경찰서
F2020030200000539-1,2019-11-09,천안동남경찰서
F2020030200000537-1,2019-11-10,천안동남경찰서
F2020030200000535-1,2019-11-10,천안동남경찰서
F2020030200000533-1,2019-11-10,천안동남경찰서
F2020030200000531-1,2019-11-10,천안동남경찰서
F2020030200000529-1,2019-11-11,천안동남경찰서
F2020030200000527-1,2019-11-11,천안동남경찰서
F2020030200000525-1,2019-11-11,천안동남경찰서
F2020030200000523-1,2019-11-11,천안동남경찰서
F2020030200000521-1,2019-11-12,천안동남경찰서
F2020030200000519-1,2019-11-12,천안동남경찰서
F2020030200000517-1,2019-11-12,천안동남경찰서
F2020030200000515-1,2019-11-12,천안동남경찰서
F2020030200000511-1,2019-11-13,천안동남경찰서
F2020030200000509-1,2019-11-13,천안동남경찰서
F2020030200000507-1,2019-11-13,천안동남경찰서
F2020030200000505-1,2019-11-13,천안동남경찰서
F2020030200000503-1,2019-11-13,천안동남경찰서
F2020030200000501-1,2019-11-14,천안동남경찰서
F2020030200000499-1,2019-11-14,천안동남경찰서
F2020030200000497-1,2019-11-14,천안동남경찰서
F2020030200000495-1,2019-11-15,천안동남경찰서
F2020030200000493-1,2019-11-15,천안동남경찰서
F2020030200000491-1,2019-11-16,천안동남경찰서
F2020030200000489-1,2019-11-16,천안동남경찰서
F2020030200000487-1,2019-11-16,천안동남경찰서
F2020030200000485-1,2019-11-16,천안동남경찰서
F2020030200000483-1,2019-11-16,천안동남경찰서
F2020030200000479-1,2019-11-17,천안동남경찰서
F2020030200000475-1,2019-11-17,천안동남경찰서
F2020030200000471-1,2019-11-18,천안동남경찰서
F2020030200000467-1,2019-11-18,천안동남경찰서
F2020030200000463-1,2019-11-18,천안동남경찰서
F2020030200000459-1,2019-11-19,천안동남경찰서
F2020030200000455-1,2019-11-19,천안동남경찰서
F2020030200000451-1,2019-11-19,천안동남경찰서
F2020030200000449-1,2019-11-19,천안동남경찰서
F2020030200000445-1,2019-11-19,천안동남경찰서
F2020030200000443-1,2019-11-19,천안동남경찰서
F2020030200000441-1,2019-11-19,천안동남경찰서
F2020030200000439-1,2019-11-19,천안동남경찰서
F2020030200000437-1,2019-11-19,천안동남경찰서
F2020030200000435-1,2019-11-19,천안동남경찰서
F2020030200000433-1,2019-11-21,천안동남경찰서
F2020030200000431-1,2019-11-20,천안동남경찰서
F2020030200000429-1,2019-11-20,천안동남경찰서
F2020030200000427-1,2019-11-20,천안동남경찰서
F2020030200000425-1,2019-11-20,천안동남경찰서
F2020030200000423-1,2019-11-20,천안동남경찰서
F2020030200000421-1,2019-11-21,천안동남경찰서
F2020030200000419-1,2019-11-21,천안동남경찰서
F2020030200000417-1,2019-11-21,천안동남경찰서
F2020030200000415-1,2019-11-21,천안동남경찰서
F2020030200000413-1,2019-11-21,천안동남경찰서
F2020030200000411-1,2019-11-21,천안동남경찰서
F2020030200000409-1,2019-11-21,천안동남경찰서
F2020030200000407-1,2019-11-21,천안동남경찰서
F2020030200000405-1,2019-11-22,천안동남경찰서
F2020030200000403-1,2019-11-22,천안동남경찰서
F2020030200000399-1,2019-11-22,천안동남경찰서
F2020030200000397-1,2019-11-22,천안동남경찰서
F2020030200000395-1,2019-11-22,천안동남경찰서
F2020030200000393-1,2019-11-23,천안동남경찰서
F2020030200000391-1,2019-11-23,천안동남경찰서
F2020030200000389-1,2019-11-23,천안동남경찰서
F2020030200000387-1,2019-11-23,천안동남경찰서
F2020030200000385-1,2019-11-23,천안동남경찰서
F2020030200000383-1,2019-11-23,천안동남경찰서
F2020022800001766-1,2019-11-16,핸드폰찾기콜센터
F2020022800001762-1,2019-11-22,핸드폰찾기콜센터
F2020022800001556-1,2019-11-22,천안동남경찰서
F2020022800001540-1,2019-11-05,천안동남경찰서
F2020022800001536-1,2019-11-15,천안동남경찰서
F2020022800001371-1,2019-11-14,천안동남경찰서
F2020022800001367-1,2019-11-06,천안동남경찰서
F2020022800001345-1,2019-11-08,천안동남경찰서
F2020022800001323-1,2019-11-16,천안동남경찰서
F2020022800001315-1,2019-11-10,천안동남경찰서
F2020022800001279-1,2019-11-16,천안동남경찰서
F2020022800001227-1,2019-11-19,천안동남경찰서
F2020022800001221-1,2019-11-16,천안동남경찰서
F2020022800001077-1,2019-11-16,천안동남경찰서
F2020022800001067-1,2019-11-16,천안동남경찰서
F2020022800001055-1,2019-11-14,천안동남경찰서
F2020022800000968-1,2019-11-14,천안동남경찰서
F2020022800000964-1,2019-11-13,천안동남경찰서
F2020022800000960-1,2019-11-15,천안동남경찰서
F2020022800000873-1,2019-11-12,천안동남경찰서
F2020022800000867-1,2019-11-11,천안동남경찰서
F2020022800000857-1,2019-11-12,천안동남경찰서
F2020022800000841-1,2019-11-11,천안동남경찰서
F2020022800000835-1,2019-11-16,천안동남경찰서
F2020022800000834-1,2019-11-16,천안동남경찰서
F2020022800000832-1,2019-11-22,천안동남경찰서
F2020022800000809-1,2019-11-15,천안동남경찰서
F2020022800000807-1,2019-11-23,천안동남경찰서
F2020022800000805-1,2019-11-21,천안동남경찰서
F2020022800000799-1,2019-11-21,천안동남경찰서
F2020022800000793-1,2019-11-20,천안동남경찰서
F2020022800000791-1,2019-11-19,천안동남경찰서
F2020022800000789-1,2019-11-19,천안동남경찰서
F2020022800000785-1,2019-11-19,천안동남경찰서
F2020022800000781-1,2019-11-19,천안동남경찰서
F2020022800000779-1,2019-11-19,천안동남경찰서
F2020022800000777-1,2019-11-18,천안동남경찰서
F2020022800000775-1,2019-11-19,천안동남경찰서
F2020022800000773-1,2019-11-19,천안동남경찰서
F2020022800000769-1,2019-11-04,천안동남경찰서
F2020022800000767-1,2019-11-17,천안동남경찰서
F2020022800000753-1,2019-11-15,천안동남경찰서
F2020022800000751-1,2019-11-15,천안동남경찰서
F2020022800000747-1,2019-11-11,천안동남경찰서
F2020022800000743-1,2019-11-10,천안동남경찰서
F2020022800000741-1,2019-11-09,천안동남경찰서
F2020022800000739-1,2019-11-09,천안동남경찰서
F2020022800000737-1,2019-11-08,천안동남경찰서
F2020022800000735-1,2019-11-13,천안동남경찰서
F2020022800000733-1,2019-11-08,천안동남경찰서
F2020022800000731-1,2019-11-08,천안동남경찰서
F2020022800000729-1,2019-11-07,천안동남경찰서
F2020022800000725-1,2019-11-07,천안동남경찰서
F2020022800000723-1,2019-11-16,천안동남경찰서
F2020022800000721-1,2019-11-07,천안동남경찰서
F2020022800000717-1,2019-11-07,천안동남경찰서
F2020022800000713-1,2019-11-15,천안동남경찰서
F2020022800000711-1,2019-11-23,천안동남경찰서
F2020022800000709-1,2019-11-07,천안동남경찰서
F2020022800000697-1,2019-11-06,천안동남경찰서
F2020022800000691-1,2019-11-05,천안동남경찰서
F2020022800000689-1,2019-11-05,천안동남경찰서
F2020022800000687-1,2019-11-05,천안동남경찰서
F2020022800000685-1,2019-11-15,천안동남경찰서
F2020022800000677-1,2019-11-04,천안동남경찰서
F2020022800000675-1,2019-11-05,천안동남경찰서
F2020022800000671-1,2019-11-23,천안동남경찰서
F2020022800000667-1,2019-11-06,천안동남경찰서
F2020022800000665-1,2019-11-03,천안동남경찰서
F2020022800000663-1,2019-11-09,천안동남경찰서
F2020022800000661-1,2019-11-22,천안동남경찰서
F2020022800000655-1,2019-11-12,천안동남경찰서
F2020022800000623-1,2019-11-03,천안동남경찰서
F2020022800000619-1,2019-11-03,천안동남경찰서
F2020022800000615-1,2019-11-05,천안동남경찰서
F2020022800000613-1,2019-11-16,천안동남경찰서
F2020022800000611-1,2019-11-20,천안동남경찰서
F2020022800000601-1,2019-11-03,천안동남경찰서
F2020022800000595-1,2019-11-12,천안동남경찰서
F2020022800000565-1,2019-11-08,천안동남경찰서
F2020022800000555-1,2019-11-11,천안동남경찰서
F2020022800000553-1,2019-11-10,천안동남경찰서
F2020022800000545-1,2019-11-03,천안동남경찰서
F2020022800000541-1,2019-11-05,천안동남경찰서
F2020022800000521-1,2019-11-06,천안동남경찰서
F2020022800000511-1,2019-11-11,천안동남경찰서
F2020022800000503-1,2019-11-04,천안동남경찰서
F2020022800000495-1,2019-11-11,천안동남경찰서
F2020022800000493-1,2019-11-12,천안동남경찰서
F2020022800000483-1,2019-11-10,천안동남경찰서
F2020022800000481-1,2019-11-13,천안동남경찰서
F2020022800000363-1,2019-11-06,천안동남경찰서
F2020022800000353-1,2019-11-14,천안동남경찰서
F2020022800000323-1,2019-11-05,천안동남경찰서
F2020022800000311-1,2019-11-13,천안동남경찰서
F2020022800000291-1,2019-11-20,천안동남경찰서
F2020022800000273-1,2019-11-12,천안동남경찰서
F2020022500001496-1,2019-11-12,서울유실물센터
F2020022500001372-1,2019-11-03,서울유실물센터
F2020022500001362-1,2019-11-08,서울유실물센터
F2020022500001330-1,2019-11-10,서울유실물센터
F2020022500001318-1,2019-11-17,서울유실물센터
F2020022500001312-1,2019-11-20,서울유실물센터
F2020022500001238-1,2019-11-21,서울유실물센터
F2020022500001212-1,2019-11-21,서울유실물센터
F2020022500001102-1,2019-11-21,서울유실물센터
F2020022000001137-1,2019-11-20,광주남부경찰서
F2020021400004637-1,2019-11-10,서울유실물센터
F2020021400002434-1,2019-11-18,서울금천경찰서
F2020021400002432-1,2019-11-08,서울금천경찰서
F2020021400002430-1,2019-11-13,서울금천경찰서
F2020021400002428-1,2019-11-17,서울금천경찰서
F2020021400002426-1,2019-11-18,서울금천경찰서
F2020021300000267-1,2019-11-17,정선경찰서
F2020021000001907-1,2019-11-18,서울유실물센터
F2020021000001901-1,2019-11-18,서울유실물센터
F2020021000001787-1,2019-11-15,서울유실물센터
F2020020800001058-1,2019-11-11,핸드폰찾기콜센터
F2020020700001478-1,2019-11-03,광주경찰서
F2020020500002188-1,2019-11-12,대전대덕경찰서
F2020020500002112-1,2019-11-10,대전대덕경찰서
F2020020300002381-1,2019-11-23,핸드폰찾기콜센터
F2020020300002363-1,2019-11-23,핸드폰찾기콜센터
F2020020300002349-1,2019-11-10,마산중부경찰서
F2020013100000496-1,2019-11-21,일산동부경찰서
F2020013100000474-1,2019-11-20,일산동부경찰서
F2020013100000394-1,2019-11-14,일산동부경찰서
F2020013000002185-1,2019-11-03,서울중랑경찰서
F2020013000002139-2,2019-11-15,서울중랑경찰서
F2020013000002139-1,2019-11-15,서울중랑경찰서
F2020012800001679-1,2019-11-22,천안동남경찰서
F2020012800001336-1,2019-11-21,인천유실물센터
F2020012800000980-1,2019-11-08,인천서부경찰서
F2020012800000966-1,2019-11-11,인천서부경찰서
F2020012800000956-1,2019-11-23,인천서부경찰서
F2020012800000950-1,2019-11-08,인천서부경찰서
F2020012800000940-1,2019-11-05,인천서부경찰서
F2020012800000932-1,2019-11-14,인천서부경찰서
F2020012800000828-1,2019-11-23,인천서부경찰서
F2020012800000822-1,2019-11-05,인천서부경찰서
F2020012800000800-1,2019-11-20,인천서부경찰서
F2020012800000794-1,2019-11-10,인천서부경찰서
F2020012800000508-1,2019-11-18,인천서부경찰서
F2020012800000500-2,2019-11-21,인천서부경찰서
F2020012800000500-1,2019-11-21,인천유실물센터
F2020012800000474-2,2019-11-19,인천서부경찰서
F2020012800000474-1,2019-11-19,인천유실물센터
F2020012800000430-2,2019-11-10,인천서부경찰서
F2020012800000430-1,2019-11-10,인천유실물센터
F2020012800000187-1,2019-11-16,부산연제경찰서
F2020012400001506-1,2019-11-15,서울마포경찰서
F2020012400001506-3,2019-11-15,서울마포경찰서
F2020012200002217-1,2019-11-23,안산단원경찰서
F2020012200002205-1,2019-11-19,안산단원경찰서
F2020012200001721-1,2019-11-09,인천유실물센터
F2020012200001705-1,2019-11-22,인천유실물센터
F2020012200002384-1,2019-11-08,분당경찰서
F2020012200002380-1,2019-11-12,분당경찰서
F2020012200002378-1,2019-11-12,분당경찰서
F2020012200001306-1,2019-11-10,서울서부경찰서
F2020012200000453-1,2019-11-06,양산경찰서
F2020012200000451-1,2019-11-08,양산경찰서
F2020012200000449-1,2019-11-12,양산경찰서
F2020011700001870-1,2019-11-20,서울중랑경찰서
F2020011700000713-1,2019-11-23,서울관악경찰서
F2020011600002068-1,2019-11-13,핸드폰찾기콜센터
F2020011600002056-1,2019-11-09,일산서부경찰서
F2020011600002277-1,2019-11-20,서울중랑경찰서
F2020011600002275-1,2019-11-20,서울중랑경찰서
F2020011600002269-1,2019-11-20,서울중랑경찰서
F2020011600002267-1,2019-11-20,서울중랑경찰서
F2020011600002265-1,2019-11-20,서울중랑경찰서
F2020011600002261-1,2019-11-20,서울중랑경찰서
F2020011600002187-1,2019-11-20,서울유실물센터
F2020011600000624-1,2019-11-15,성남수정경찰서
F2020011500002521-1,2019-11-20,서울중랑경찰서
F2020011500002513-1,2019-11-20,서울중랑경찰서
F2020011500002511-1,2019-11-20,서울중랑경찰서
F2020011500002505-1,2019-11-20,서울중랑경찰서
F2020011500002503-1,2019-11-20,서울중랑경찰서
F2020011500002491-1,2019-11-20,서울중랑경찰서
F2020011500002489-1,2019-11-20,서울중랑경찰서
F2020011500002487-1,2019-11-20,서울유실물센터
F2020011500000384-1,2019-11-12,서울서대문경찰서
F2020011500000370-1,2019-11-06,서울서대문경찰서
F2020011400001657-1,2019-11-05,일산동부경찰서
F2020011400001930-1,2019-11-21,광주북부경찰서
F2020011400001242-1,2019-11-21,핸드폰찾기콜센터
F2020011400001240-1,2019-11-11,안양만안경찰서
F2020011400001238-1,2019-11-21,안양만안경찰서
F2020011400000457-1,2019-11-19,부천원미경찰서
F2020011300001054-1,2019-11-23,울산남부경찰서
F2020011100000357-1,2019-11-14,핸드폰찾기콜센터
F2020011100000030-1,2019-11-22,양산경찰서
F2020011100000026-1,2019-11-12,양산경찰서
F2020011000003340-1,2019-11-23,광주북부경찰서
F2020011000003318-1,2019-11-22,광주북부경찰서
F2020011000003308-1,2019-11-22,광주북부경찰서
F2020011000003304-1,2019-11-18,광주북부경찰서
F2020011000000419-1,2019-11-23,서울남대문경찰서
F2020011000000343-1,2019-11-20,핸드폰찾기콜센터
F2020010900001149-1,2019-11-16,인천유실물센터
F2020010900001117-1,2019-11-16,인천유실물센터
F2020010800002018-1,2019-11-12,광주서부경찰서
F2020010800000932-1,2019-11-14,대전대덕경찰서
F2020010800000425-2,2019-11-22,서울노원경찰서
F2020010800000425-1,2019-11-22,서울노원경찰서
F2020010800000341-1,2019-11-22,핸드폰찾기콜센터
F2020010800000333-1,2019-11-22,핸드폰찾기콜센터
F2020010800000325-1,2019-11-22,핸드폰찾기콜센터
F2020010800000309-1,2019-11-22,핸드폰찾기콜센터
F2020010800000297-1,2019-11-07,서울유실물센터
F2020010800000289-1,2019-11-15,서울유실물센터
F2020010800000283-2,2019-11-22,서울수서경찰서
F2020010800000283-1,2019-11-22,서울수서경찰서
F2020010800000283-3,2019-11-22,서울수서경찰서
F2020010800000271-1,2019-11-22,서울유실물센터
F2020010800000269-1,2019-11-19,서울유실물센터
F2020010800000265-1,2019-11-22,서울유실물센터
F2020010800000261-1,2019-11-04,서울유실물센터
F2020010800000259-1,2019-11-04,서울유실물센터
F2020010700003145-2,2019-11-22,서울노원경찰서
F2020010700003145-1,2019-11-22,서울노원경찰서
F2020010700003111-2,2019-11-22,서울노원경찰서
F2020010700003111-1,2019-11-22,서울노원경찰서
F2020010700002839-1,2019-11-22,인천유실물센터
V0003594F01070016-1,2019-11-15,엔터식스패션쇼핑몰(안양점)
F2020010700002529-1,2019-11-19,포항북부경찰서
F2020010700002437-1,2019-11-22,포항북부경찰서
F2020010700002365-1,2019-11-12,포항북부경찰서
F2020010700002339-1,2019-11-15,포항북부경찰서
F2020010700002323-1,2019-11-15,포항북부경찰서
F2020010700002293-1,2019-11-06,포항북부경찰서
F2020010700002293-2,2019-11-06,포항북부경찰서
F2020010700002111-1,2019-11-16,포항북부경찰서
F2020010700002087-1,2019-11-23,포항북부경찰서
F2020010700002067-1,2019-11-22,포항북부경찰서
F2020010700001626-1,2019-11-22,포항북부경찰서
F2020010700001616-1,2019-11-22,포항북부경찰서
F2020010700001372-1,2019-11-21,인천유실물센터
F2020010700001338-1,2019-11-05,인천유실물센터
F2020010300002796-1,2019-11-04,대전둔산경찰서
F2020010300002792-1,2019-11-07,대전둔산경찰서
F2020010300002790-1,2019-11-10,대전둔산경찰서
F2020010300002786-1,2019-11-08,대전둔산경찰서
F2020010300002776-1,2019-11-13,대전둔산경찰서
F2020010300002772-1,2019-11-13,대전둔산경찰서
F2020010300002770-1,2019-11-14,대전둔산경찰서
F2020010300002768-1,2019-11-15,대전둔산경찰서
F2020010300002766-1,2019-11-11,대전둔산경찰서
F2020010300002756-1,2019-11-15,대전둔산경찰서
F2020010300002750-1,2019-11-21,대전둔산경찰서
F2020010300002746-1,2019-11-22,대전둔산경찰서
F2020010300002742-1,2019-11-23,대전둔산경찰서
F2020010300001247-1,2019-11-17,대전동부경찰서
F2020010200003107-1,2019-11-05,아산경찰서
F2020010200003105-1,2019-11-09,아산경찰서
F2020010200003097-1,2019-11-11,아산경찰서
F2020010200003093-1,2019-11-13,아산경찰서
F2020010200003067-1,2019-11-08,아산경찰서
F2020010200003061-1,2019-11-14,아산경찰서
F2020010200003059-1,2019-11-14,아산경찰서
F2020010200003057-1,2019-11-14,아산경찰서
F2020010200003051-1,2019-11-19,아산경찰서
F2020010200002602-1,2019-11-15,삼척경찰서
F2020010200000921-1,2019-11-04,대전동부경찰서
F2020010200000915-1,2019-11-04,대전동부경찰서
F2020010200000661-5,2019-11-19,인천서부경찰서
F2020010200000661-7,2019-11-19,인천서부경찰서
F2020010200000661-6,2019-11-19,인천서부경찰서
F2020010200000661-9,2019-11-19,인천서부경찰서
F2020010200000661-8,2019-11-19,인천서부경찰서
F2020010200000661-3,2019-11-19,인천서부경찰서
F2020010200000661-4,2019-11-19,인천서부경찰서
F2020010200000661-2,2019-11-19,핸드폰찾기콜센터
F2020010200000661-1,2019-11-19,인천유실물센터
F2019123100002079-1,2019-11-12,아산경찰서
F2019123000002027-1,2019-11-04,양산경찰서
F2019123000002025-1,2019-11-05,양산경찰서
F2019123000002023-1,2019-11-19,양산경찰서
F2019123000002021-1,2019-11-15,양산경찰서
F2019123000002017-1,2019-11-23,양산경찰서
F2019123000000740-2,2019-11-23,인천남동경찰서
F2019123000000740-1,2019-11-23,인천유실물센터
F2019122800001425-1,2019-11-17,양평경찰서
F2019122800000839-1,2019-11-08,포항북부경찰서
F2019122800000836-1,2019-11-22,서울유실물센터
F2019122800000830-1,2019-11-18,서울유실물센터
F2019122700001714-1,2019-11-07,분당경찰서
F2019122700001704-1,2019-11-08,분당경찰서
F2019122700001700-1,2019-11-08,분당경찰서
F2019122700001696-1,2019-11-04,분당경찰서
F2019122700001692-1,2019-11-04,분당경찰서
F2019122700001688-1,2019-11-04,분당경찰서
F2019122700001684-1,2019-11-11,분당경찰서
F2019122700001680-1,2019-11-14,분당경찰서
F2019122700001676-1,2019-11-14,분당경찰서
F2019122700001674-1,2019-11-14,분당경찰서
F2019122700001668-1,2019-11-13,분당경찰서
F2019122700001664-1,2019-11-22,분당경찰서
F2019122700001660-1,2019-11-13,분당경찰서
F2019122700001658-1,2019-11-13,분당경찰서
F2019122700001307-1,2019-11-18,나주경찰서
F2019122700001301-1,2019-11-13,핸드폰찾기콜센터
F2019122700001299-1,2019-11-16,핸드폰찾기콜센터
F2019122700001297-1,2019-11-18,나주경찰서
F2019122700001293-1,2019-11-18,나주경찰서
F2019122700001289-1,2019-11-19,나주경찰서
F2019122700001210-1,2019-11-13,서울수서경찰서
F2019122700000547-1,2019-11-05,광주남부경찰서
F2019122700000541-1,2019-11-06,광주남부경찰서
F2019122700000537-1,2019-11-07,광주남부경찰서
F2019122700000535-1,2019-11-09,광주남부경찰서
F2019122700000527-1,2019-11-14,광주남부경찰서
F2019122700000521-1,2019-11-16,광주남부경찰서
F2019122700000513-1,2019-11-18,광주남부경찰서
F2019122700000503-1,2019-11-19,광주남부경찰서
F2019122600003863-1,2019-11-21,제주자치경찰단
F2019122600002983-1,2019-11-11,서울서부경찰서
F2019122600002931-1,2019-11-19,핸드폰찾기콜센터
F2019122600002883-1,2019-11-07,핸드폰찾기콜센터
F2019122600002150-1,2019-11-20,서울유실물센터
F2019122600002148-1,2019-11-18,서울송파경찰서
F2019122600002144-1,2019-11-19,서울송파경찰서
F2019122600002140-1,2019-11-07,서울송파경찰서
F2019122600002138-1,2019-11-20,서울송파경찰서
F2019122600002134-1,2019-11-15,서울송파경찰서
F2019122600002132-1,2019-11-17,서울송파경찰서
F2019122600002126-1,2019-11-09,핸드폰찾기콜센터
F2019122600002124-1,2019-11-21,서울송파경찰서
F2019122600002122-1,2019-11-22,서울송파경찰서
F2019122600002120-1,2019-11-22,서울송파경찰서
F2019122600002118-1,2019-11-22,서울송파경찰서
F2019122600001896-1,2019-11-18,인천서부경찰서
F2019122600001890-1,2019-11-23,인천서부경찰서
F2019122600001325-1,2019-11-15,핸드폰찾기콜센터
F2019122400001787-1,2019-11-16,아산경찰서
F2019122400001988-1,2019-11-20,부산유실물센터
F2019122400001876-1,2019-11-06,아산경찰서
F2019122400001442-1,2019-11-03,아산경찰서
F2019122400001398-1,2019-11-08,아산경찰서
F2019122400001316-1,2019-11-19,아산경찰서
F2019122300003058-1,2019-11-23,아산경찰서
F2019122300002990-1,2019-11-05,아산경찰서
F2019122300002964-1,2019-11-23,서울마포경찰서
F2019122300001548-1,2019-11-21,서울유실물센터
F2019122300000819-1,2019-11-17,수원서부경찰서
F2019122300000817-1,2019-11-20,수원서부경찰서
F2019122300000691-1,2019-11-13,분당경찰서
F2019122000001764-1,2019-11-15,울산남부경찰서
F2019122000001481-1,2019-11-05,부산유실물센터
F2019122000001479-1,2019-11-07,부산유실물센터
F2019122000001477-1,2019-11-09,부산유실물센터
F2019122000001475-1,2019-11-17,부산유실물센터
F2019122000001473-1,2019-11-21,부산유실물센터
F2019122000001471-1,2019-11-21,부산유실물센터
F2019121900002089-1,2019-11-21,핸드폰찾기콜센터
F2019121900001509-1,2019-11-21,인천미추홀경찰서
F2019121900001467-1,2019-11-09,인천미추홀경찰서
F2019121900001455-1,2019-11-17,서울노원경찰서
F2019121900001437-1,2019-11-22,서울유실물센터
F2019121900000227-1,2019-11-21,광주광산경찰서
F2019121800001678-1,2019-11-15,서울유실물센터
F2019121800001427-1,2019-11-17,인천유실물센터
F2019121800001425-1,2019-11-09,인천유실물센터
F2019121800001419-1,2019-11-03,인천미추홀경찰서
F2019121800000682-1,2019-11-04,서울남대문경찰서
F2019121800000439-1,2019-11-04,서울중부경찰서
F2019121800000437-1,2019-11-06,서울유실물센터
F2019121800000435-1,2019-11-09,서울중부경찰서
F2019121800000431-1,2019-11-17,서울중부경찰서
F2019121800000429-1,2019-11-17,서울유실물센터
F2019121700002011-1,2019-11-20,서귀포시자치경찰대
F2019121700001375-1,2019-11-13,서울양천경찰서
F2019121700001373-1,2019-11-20,서울양천경찰서
F2019121600003591-1,2019-11-19,천안서북경찰서
F2019121600002616-1,2019-11-07,수원서부경찰서
F2019121600002614-1,2019-11-17,수원서부경찰서
F2019121600002608-1,2019-11-04,수원서부경찰서
F2019121600002606-1,2019-11-05,수원서부경찰서
F2019121600002604-1,2019-11-06,수원서부경찰서
F2019121600002602-1,2019-11-08,수원서부경찰서
F2019121600002600-1,2019-11-09,수원서부경찰서
F2019121600002598-1,2019-11-14,수원서부경찰서
F2019121600002596-1,2019-11-16,수원서부경찰서
F2019121600002594-1,2019-11-16,수원서부경찰서
F2019121600002592-1,2019-11-19,수원서부경찰서
F2019121600002590-1,2019-11-20,수원서부경찰서
F2019121600002588-1,2019-11-21,수원서부경찰서
F2019121600002556-1,2019-11-23,수원서부경찰서
F2019121600002419-1,2019-11-07,서울유실물센터
F2019121600002411-1,2019-11-15,서울유실물센터
F2019121600002243-1,2019-11-23,서울유실물센터
F2019121600002193-1,2019-11-22,서울유실물센터
F2019121600001931-1,2019-11-15,서울유실물센터
F2019121600001517-1,2019-11-22,서울유실물센터
F2019121600001582-1,2019-11-06,서울관악경찰서
F2019121600001307-1,2019-11-15,서울유실물센터
F2019121600001283-1,2019-11-13,서울서초경찰서
F2019121600001279-1,2019-11-10,동해경찰서
F2019121600001271-1,2019-11-11,서울유실물센터
F2019121600001241-2,2019-11-12,동해경찰서
F2019121600001241-1,2019-11-12,동해경찰서
F2019121600001123-3,2019-11-20,화성동탄경찰서
F2019121600001123-7,2019-11-06,화성동탄경찰서
F2019121600001105-1,2019-11-12,동해경찰서
F2019121600001035-1,2019-11-12,핸드폰찾기콜센터
F2019121600000907-1,2019-11-06,핸드폰찾기콜센터
F2019121600001034-1,2019-11-16,동해경찰서
F2019121600000211-1,2019-11-10,서울서부경찰서
F2019121600000209-1,2019-11-09,서울서부경찰서
F2019121600000205-1,2019-11-17,서울서부경찰서
F2019121600000203-1,2019-11-21,서울서부경찰서
F2019121600000199-1,2019-11-18,서울서부경찰서
F2019121600000189-1,2019-11-15,서울서부경찰서
F2019121600000187-1,2019-11-15,서울서부경찰서
F2019121600000181-1,2019-11-15,서울서부경찰서
F2019121500000734-1,2019-11-15,핸드폰찾기콜센터
V0003594E12140002-1,2019-11-09,엔터식스패션쇼핑몰(안양점)
F2019121300002269-2,2019-11-10,부산해운대경찰서
F2019121300002269-1,2019-11-10,부산해운대경찰서
F2019121300002066-1,2019-11-16,부산기장경찰서
F2019121300002020-1,2019-11-15,부산기장경찰서
F2019121300001994-1,2019-11-06,부산유실물센터
F2019121300001982-1,2019-11-03,부산유실물센터
F2019121300001746-1,2019-11-08,부산유실물센터
F2019121300001736-1,2019-11-16,부산유실물센터
F2019121300001726-1,2019-11-21,부산유실물센터
F2019121300001716-1,2019-11-20,부산유실물센터
F2019121300001710-1,2019-11-21,부산유실물센터
F2019121300001678-1,2019-11-21,부산유실물센터
F2019121300001351-1,2019-11-19,대전대덕경찰서
F2019121300001141-1,2019-11-15,대전대덕경찰서
F2019121300000983-1,2019-11-12,대전대덕경찰서
F2019121300000673-1,2019-11-18,부산유실물센터
F2019121300000669-1,2019-11-14,부산유실물센터
F2019121300000529-1,2019-11-07,대전대덕경찰서
F2019121300000618-1,2019-11-23,청주흥덕경찰서
F2019121300000411-1,2019-11-12,대전대덕경찰서
F2019121300000324-1,2019-11-20,서울용산경찰서
F2019121200003521-1,2019-11-08,대전대덕경찰서
F2019121200003481-1,2019-11-15,서울유실물센터
F2019121200003421-1,2019-11-17,서울유실물센터
F2019121200002914-1,2019-11-20,인천연수경찰서
F2019121200002785-1,2019-11-21,핸드폰찾기콜센터
F2019121200002343-1,2019-11-15,서울성동경찰서
F2019121200002281-1,2019-11-23,시흥경찰서
F2019121200002163-1,2019-11-23,시흥경찰서
F2019121200001265-1,2019-11-15,광주북부경찰서
F2019121200000475-1,2019-11-13,서울유실물센터
F2019121200000473-1,2019-11-19,서울유실물센터
F2019121200000471-1,2019-11-21,서울유실물센터
F2019121100001858-1,2019-11-18,핸드폰찾기콜센터
F2019121100001694-1,2019-11-20,서울남대문경찰서
F2019121100001686-1,2019-11-23,서울남대문경찰서
F2019121100001680-1,2019-11-16,서울남대문경찰서
F2019121100001674-1,2019-11-16,서울남대문경찰서
F2019121100003705-1,2019-11-18,서울유실물센터
F2019121100003415-1,2019-11-13,서울노원경찰서
F2019121100003253-1,2019-11-23,서울노원경찰서
F2019121100003227-1,2019-11-22,서울유실물센터
F2019121100003183-1,2019-11-12,서울노원경찰서
F2019121100003169-1,2019-11-22,서울노원경찰서
F2019121100002993-1,2019-11-21,서울노원경찰서
F2019121100002969-1,2019-11-23,서울노원경찰서
F2019121100001162-1,2019-11-15,부산유실물센터
F2019121100000968-1,2019-11-06,핸드폰찾기콜센터
F2019121100000503-1,2019-11-17,구리경찰서
F2019121100000491-1,2019-11-17,구리경찰서
F2019121000002621-1,2019-11-07,일산동부경찰서
F2019121000002399-1,2019-11-07,핸드폰찾기콜센터
F2019121000002383-1,2019-11-20,핸드폰찾기콜센터
F2019121000001680-2,2019-11-10,서울유실물센터
F2019121000001680-1,2019-11-10,서울관악경찰서
F2019121000002241-1,2019-11-15,서울노원경찰서
V0002040E12100022-1,2019-11-04,충무로유실물센터
F2019121000001849-1,2019-11-12,핸드폰찾기콜센터
F2019121000001691-1,2019-11-11,서울마포경찰서
F2019121000001168-1,2019-11-09,대전동부경찰서
F2019121000001166-1,2019-11-11,대전동부경찰서
F2019121000001475-1,2019-11-09,원주경찰서
F2019121000001014-1,2019-11-14,서울남대문경찰서
F2019121000000948-1,2019-11-11,핸드폰찾기콜센터
F2019121000000761-1,2019-11-09,인천미추홀경찰서
F2019120900001907-1,2019-11-20,진주경찰서
F2019120900001903-1,2019-11-22,진주경찰서
F2019120900001901-1,2019-11-22,진주경찰서
F2019120900001897-1,2019-11-22,진주경찰서
F2019120900001895-1,2019-11-23,진주경찰서
F2019120900001893-1,2019-11-23,진주경찰서
F2019120900001663-1,2019-11-04,서울유실물센터
F2019120900002248-1,2019-11-22,핸드폰찾기콜센터
F2019120900002224-1,2019-11-08,서울남대문경찰서
F2019120900002222-1,2019-11-22,서울남대문경찰서
F2019120900001730-1,2019-11-20,핸드폰찾기콜센터
F2019120900001726-1,2019-11-20,핸드폰찾기콜센터
F2019120900001652-1,2019-11-14,서울강남경찰서
F2019120900001588-1,2019-11-09,서울서초경찰서
F2019120900001582-1,2019-11-09,서울서초경찰서
F2019120900001580-1,2019-11-09,서울유실물센터
F2019120900001574-1,2019-11-09,서울서초경찰서
F2019120900001570-1,2019-11-09,서울서초경찰서
F2019120900001560-1,2019-11-09,서울서초경찰서
F2019120900001452-1,2019-11-13,서울중랑경찰서
F2019120900001372-1,2019-11-20,서울중랑경찰서
F2019120900001370-1,2019-11-20,핸드폰찾기콜센터
F2019120900001290-1,2019-11-17,핸드폰찾기콜센터
